charge_cycles,avg_temperature_c,battery_type,charge_rate,discharge_depth,battery_age_months,voltage_variation,cooling_system,manufacturer,usage_pattern,capacity_remaining_percent
994.0,15.749783903102708,Li-ion,Superfast,83.04311795582512,30.0,4.129413748566823,None,E,Performance,87.27853660682169
,,Li-Po,Medium,62.13588303300692,29.0,1.0450019241198583,Passive,D,Highway,55.29160995464172
121.0,38.21679416935453,Li-ion,Superfast,95.55596552766028,10.0,1.7096912680399907,Passive,E,Performance,52.58003179226115
427.0,38.71314307638763,,Superfast,67.14465156206562,53.0,1.963542594551827,Active,E,Performance,69.82466883821299
1569.0,37.04017707438804,,Slow,61.83192669906031,32.0,4.823389251268233,None,E,Highway,
,30.880541182594857,Li-ion,Superfast,25.714012234629145,9.0,,None,C,Performance,95.16371624780064
183.0,34.528929662111864,Li-ion,Superfast,31.947672395566222,25.0,0.53336101466282,Active,E,Mixed,78.08660016241168
1247.0,35.99796556959341,,Slow,87.96208614113209,16.0,2.21083620291543,Active,A,Mixed,93.67648598047779
,29.836176726416866,NiMH,Superfast,99.25407822606466,15.0,0.534877703895094,Active,D,,51.31514326151478
1683.0,32.870549254039126,Li-ion,Medium,53.21433087186156,59.0,1.5701258321260063,None,C,Highway,73.67921288390548
442.0,40.391041603727196,Li-ion,Medium,84.80688669799433,48.0,2.546150302135298,Active,C,Performance,56.93620391601311
1137.0,24.386370634374817,Li-ion,Fast,70.20686130645214,18.0,1.9552687493937648,,D,Performance,80.30131106096752
1045.0,30.69618980905897,NiMH,Fast,96.72474189373709,53.0,0.6473039552832682,Passive,E,Mixed,97.8913889692909
,15.254391630765236,Li-ion,Fast,39.05097883552746,23.0,1.0235107508395074,Passive,E,Performance,50.37390408978759
452.0,35.623091993303795,Li-ion,,,55.0,2.978989525502298,Active,B,Mixed,84.74749657001794
1186.0,20.86156393844525,Li-Po,Superfast,52.703665467407646,42.0,3.6302220697301837,None,E,Mixed,91.20218535399185
114.0,,Li-ion,Medium,63.33727807544122,3.0,2.320470555048062,None,A,Mixed,88.7130262252781
,21.306156488413777,Li-ion,Fast,41.508646673508416,7.0,3.7916678589120814,Active,E,Highway,51.02799274230084
915.0,15.70601143735477,Li-ion,Superfast,59.819693017259524,39.0,1.2349979983181467,Active,D,Urban,59.04194586640159
450.0,29.496616550940498,Li-ion,Slow,69.98433173798121,52.0,1.0492607651345873,None,E,,54.90876477393185
339.0,27.74500819832121,Li-Po,Medium,26.497270719959367,11.0,4.277541721744742,Passive,D,Performance,54.443618344306664
1556.0,27.754485405731423,Li-ion,Slow,79.43898038460986,55.0,2.0264600682148983,Passive,,Mixed,87.96957489808358
1493.0,21.264184797866108,Li-ion,Fast,76.52183705283338,24.0,2.4451156487499093,None,B,Urban,72.08904651553897
1982.0,43.416137692445375,Li-ion,Fast,90.43660811611882,35.0,4.764117210427834,Active,C,Urban,87.69071383394247
1388.0,15.105214554320835,Li-Po,Fast,54.06852414479404,50.0,2.408505475716992,Passive,D,Performance,68.75912568501923
1162.0,41.746363499920164,Li-Po,Medium,24.933530609177417,25.0,0.5157054763335691,Passive,B,Highway,56.08656403090355
808.0,37.10705769418446,Li-ion,Slow,56.916890321734954,28.0,4.7208737279742605,Passive,C,Performance,
893.0,20.162161005998144,Li-ion,Slow,31.008733764956915,12.0,0.563533850686226,Active,E,Performance,82.55497459487623
710.0,29.165759589106635,Li-ion,Medium,71.79574508174542,23.0,3.4802882767813914,Active,E,Mixed,55.87476014909041
406.0,44.66550244524818,Li-ion,Fast,23.770521930504465,,1.953009092896266,Passive,B,Highway,98.06694940181836
927.0,34.310947109529224,Li-ion,Fast,49.91971249821561,58.0,2.6167584045209225,Active,C,Performance,66.0638823690343
,18.821301714560025,Li-ion,Superfast,26.62743187899963,58.0,2.9627832546328285,None,A,Urban,84.04596292485613
801.0,28.729267165692956,Lead-Acid,Medium,20.269314725728265,41.0,2.338070257829994,Active,A,Urban,51.66300774801765
1591.0,29.04609289718437,Li-ion,Slow,96.84457791212735,37.0,3.984659542319757,None,A,,73.03820649233293
798.0,39.06789998649325,Li-ion,,99.69018784210242,18.0,4.6881788434900065,Passive,C,Mixed,100.14693837471016
414.0,42.48488798478466,Li-Po,Slow,64.44023612254504,,0.8888542345349072,Passive,C,Mixed,96.09844649727616
,17.467246298662037,Li-ion,Slow,39.116467995638715,9.0,4.101137965557379,None,,Performance,61.510057217947775
1921.0,24.42111860858497,Li-ion,Superfast,92.88792294469259,45.0,1.079020134052903,Passive,D,Highway,95.7147774641171
455.0,23.95314380655345,Li-ion,Slow,93.84292776608854,35.0,0.8612473246232348,Passive,A,Mixed,65.23964873077875
1823.0,44.88144374757055,,Superfast,88.36071129365648,,4.801241537249579,,A,Urban,94.31619054656082
188.0,31.77681350074199,NiMH,Superfast,63.54959876539056,57.0,,Active,A,Highway,87.91980036403585
1238.0,41.394944883599536,Li-ion,Superfast,25.976172871682195,18.0,1.1867148095417988,Active,D,Performance,68.3067353356732
1867.0,27.780985483344715,Li-ion,Fast,27.075114202943826,20.0,3.0648070094769033,None,D,Highway,97.36112646068624
1770.0,36.681694512268095,NiMH,Fast,91.72958301701242,21.0,1.6845671244629885,None,C,Mixed,75.23452331894914
715.0,23.59756926912438,Li-ion,Medium,90.06614779657835,,2.589390575635974,Active,A,Mixed,66.52009171145912
1179.0,42.353580704677,Li-ion,Medium,54.751779934497414,20.0,3.3109681724595963,,A,Urban,64.54366457870532
1222.0,28.65438722959601,Li-ion,Superfast,46.252369558114026,55.0,4.411714229914976,Active,E,Performance,98.83148997898084
234.0,39.11176491948262,Lead-Acid,Medium,71.52991361152817,6.0,0.5138662922118874,Passive,E,Highway,89.44621151168221
1483.0,22.674506500276944,Li-ion,,84.559035860442,9.0,1.4636329741217693,None,E,Highway,68.19475303578514
832.0,35.80813025765637,Li-ion,Fast,78.53479536414568,43.0,0.933217443134508,None,D,Highway,63.21675912294299
920.0,27.154752132001075,Li-ion,Superfast,69.24823504405651,29.0,0.9369396570157813,None,C,Highway,61.00408620341961
752.0,15.943182689236412,Lead-Acid,Fast,38.52088355558651,29.0,4.755998359129571,Active,B,,62.71361681367376
1748.0,27.390247612771905,Li-Po,Superfast,41.00038953765721,13.0,4.712373205317736,Active,A,Urban,55.77092835472274
956.0,31.500649252662612,Li-ion,Medium,77.92539851181614,36.0,3.871886358655549,Passive,E,Urban,75.20621784746109
250.0,19.552848417395257,Li-Po,Fast,84.20958819608248,27.0,3.3937836908041197,None,A,Mixed,52.135752399403
667.0,20.51739315577845,Li-Po,Superfast,29.290815047967193,,4.315867008609663,Passive,A,Urban,50.5987616122761
,28.945883949694707,Li-ion,Superfast,34.983763816904485,57.0,0.7628393214075541,Passive,A,Urban,82.1397748431205
1909.0,25.2818913730022,,Slow,74.43762097418971,49.0,1.0376860689555278,Active,C,Performance,54.600924569725315
269.0,28.22221614010088,Li-ion,Superfast,51.118926997712094,44.0,,Active,A,Performance,
906.0,28.824809679681685,Li-ion,Superfast,65.06342938168245,6.0,4.246215709534311,Passive,C,Performance,55.549896482737594
1543.0,19.20228131108267,Li-Po,Fast,69.18519621245089,39.0,2.6250464424492956,Passive,B,Performance,78.21878799693927
1802.0,20.43583725810344,Li-ion,Slow,82.09627738138656,57.0,2.7660864354692825,Passive,B,Urban,85.1261894015733
1061.0,40.44496180438483,Li-ion,Slow,84.4573560573526,32.0,1.531694433442134,Active,D,Urban,61.91608634930236
1507.0,19.88156067931452,Li-ion,Slow,,49.0,3.4177436652808675,Passive,A,Mixed,96.18973612650916
1102.0,34.97742999024783,Li-Po,Fast,63.30373831377371,43.0,4.4952896932801885,Active,E,Highway,75.03211889960541
1823.0,27.555841403033764,Li-ion,Medium,29.88191508975042,44.0,1.9828139893631038,None,D,Highway,66.39659294617407
113.0,44.047100579089225,Li-ion,Superfast,87.3612134958039,,3.2863367289644785,None,D,Performance,96.85868761983406
986.0,16.983130856647126,Li-Po,Slow,87.63583506665566,45.0,1.9937703385031993,Passive,B,Mixed,94.63369266295797
1169.0,39.911665980922855,Li-Po,Slow,43.96045751995651,1.0,4.067236003254486,Active,E,Urban,86.90062488430694
1739.0,29.743476933078647,NiMH,Fast,32.8496165937634,50.0,2.6373188164654273,None,A,Highway,65.10508743720078
589.0,15.160571125925658,Li-ion,Fast,25.607342256021326,54.0,2.027610599988671,Active,A,Performance,70.29072966193455
559.0,22.90980656818661,Li-ion,Slow,65.99811535292687,51.0,2.3902198439508133,Active,B,Performance,85.86613485387929
1413.0,27.230905576478083,Li-Po,Medium,27.314248031990385,43.0,0.9105238462830272,None,C,Highway,59.634784868098414
1761.0,24.425842603467753,Li-ion,Fast,,31.0,4.397527189950982,Passive,B,Highway,75.745848539713
300.0,25.873483920418,Li-ion,Slow,74.2501120827317,30.0,4.811310749021471,Passive,E,Highway,88.36155765891542
1779.0,42.500157274115395,Li-ion,Medium,69.11899257052997,54.0,2.6483638088093744,None,C,Urban,84.20107220768564
1352.0,25.82802097176983,Li-Po,Fast,90.12484014904756,18.0,1.4960174363516272,Active,E,Highway,87.43652035150157
88.0,27.564881382081985,Li-ion,Medium,50.262455418330546,29.0,3.4909528959002243,Passive,A,Mixed,96.37979995712978
118.0,37.833946607343385,Li-ion,Slow,92.18156660996621,42.0,2.5357166579351422,Active,C,Mixed,100.35090587908581
326.0,38.81500697245126,Li-ion,Medium,22.954029507690468,38.0,1.6353503637728886,None,E,Highway,73.83594266116468
1193.0,17.522689553600838,Li-ion,Slow,29.0205590337126,23.0,0.6729491457056707,Passive,A,Urban,53.119055992472205
1159.0,36.122101037010125,NiMH,Fast,52.97644500147547,22.0,4.503670033048304,Passive,E,Performance,93.38621681484577
226.0,29.47715861030327,Li-ion,Superfast,67.51944149508589,2.0,4.0853045842027145,Passive,C,Highway,56.13422852842985
1020.0,19.01561679712966,Li-ion,Superfast,22.59005093114925,5.0,4.230527259377207,None,A,Highway,61.41110770218118
655.0,22.941316918406528,Li-ion,,65.39475771394112,42.0,2.47927878919125,None,E,Highway,83.96470759174758
1165.0,16.35106491919556,Li-ion,Superfast,44.59186531864251,15.0,3.8896492637904236,None,D,Mixed,88.7782326928378
1493.0,25.807115664355056,,Slow,90.97174462494634,32.0,3.1155136874599805,Active,C,Mixed,86.12165693068955
130.0,22.662193210020725,Lead-Acid,Superfast,62.66276733349847,46.0,2.186488833860719,Active,C,Performance,72.80159410094288
390.0,26.46310192140053,Li-ion,Superfast,67.0315126573947,6.0,4.29233939654981,Active,C,Urban,97.7394870427425
470.0,32.410216425922705,Li-ion,Fast,95.64974488919066,14.0,4.994408966199883,Passive,A,Highway,93.27420599829583
277.0,36.9701865610986,Li-ion,Slow,81.13368213236748,24.0,4.5467703827346195,Passive,C,Highway,
1968.0,33.16055959678589,Li-ion,Medium,55.06186129174125,57.0,3.9928638725883756,Passive,E,Highway,72.93593548509901
522.0,35.35131906779837,Li-ion,Fast,58.15036919648155,21.0,3.863785874865696,None,D,Performance,74.11894852601829
137.0,40.9691736185638,Li-ion,Medium,71.83390948475191,14.0,3.4261197935758467,None,E,Highway,59.150265407169336
1423.0,41.21473330384533,Li-Po,Fast,36.01593733204105,,4.341278735778097,Passive,E,Mixed,90.54465984918514
1713.0,40.821580450775215,Li-Po,Slow,27.09206723952981,55.0,2.718865615210997,None,C,Urban,95.03009588931216
1883.0,19.5950674643858,Li-ion,Medium,44.89892127564947,4.0,1.3177827958909685,Active,D,Mixed,93.01864636808537
239.0,22.53207400780936,Li-Po,Fast,82.27062383489843,58.0,3.9562237592114293,Active,D,Highway,78.44909329477886
,30.069759147827163,Li-Po,Superfast,40.58590390159608,44.0,4.637778683791484,None,D,Performance,93.57293935966743
1030.0,25.76217882048081,Li-ion,Medium,30.460736026873576,21.0,2.0360853136872477,Active,D,Mixed,91.10125933979637
1719.0,18.950069048398895,NiMH,Fast,37.521807876980816,17.0,4.0234248408071105,Active,B,Urban,93.28268427964858
1030.0,23.632507038169543,Li-Po,Fast,74.31783296045651,29.0,1.7317521638708633,Active,D,Performance,101.06053319996774
185.0,44.26286284996917,Li-ion,Medium,69.1158445354815,51.0,4.741701230114069,Passive,C,Highway,92.12000178742967
1398.0,25.407802664896085,NiMH,Superfast,75.06519978371489,16.0,3.57557446406204,None,D,Highway,64.07587821719112
89.0,27.567422048878843,Li-ion,Medium,45.75664981443056,18.0,3.0617419423207872,None,E,Performance,92.68487164722404
1723.0,15.19204265571891,Li-ion,Medium,92.06849015466173,38.0,4.0094157105660875,Passive,B,Mixed,69.53302551139613
1360.0,36.582446393705965,Li-ion,Medium,56.141628586251635,41.0,4.1595402675089375,Active,E,Mixed,76.84199531955049
305.0,27.406501966361393,Li-Po,Fast,61.09704255415549,58.0,,Passive,C,Performance,91.41277541077422
1871.0,18.094201886854833,Li-ion,Superfast,,51.0,4.555037897813437,Active,C,Mixed,66.46937929889191
996.0,44.05670214914016,Li-ion,Medium,98.34218143559805,44.0,,Passive,D,Urban,51.356323501991156
1670.0,38.3229963775526,Li-ion,Medium,72.92341807332414,11.0,1.0530842360575794,Active,C,Performance,87.34351519834648
1493.0,36.78450268298181,Li-ion,Medium,95.58505540606329,32.0,4.217273951842437,Passive,B,Urban,96.91305422936088
1902.0,,Li-ion,Medium,63.32059090723546,28.0,4.757232440210802,Passive,E,Performance,98.2501993113168
588.0,27.224402535514134,Li-ion,Medium,44.58263564534174,16.0,1.8845233165577324,Active,C,Urban,91.54332953368485
1815.0,36.556006208773454,Li-ion,Medium,45.207428477323305,34.0,0.5387081829472191,Active,C,Highway,98.62742862088618
1364.0,21.186236921563534,Li-Po,Superfast,64.71524719058763,50.0,1.952173350658391,None,B,,92.67411680320437
1389.0,35.9136164235636,Li-ion,Superfast,68.40288965241587,30.0,2.2228886118765723,None,A,Mixed,51.56515052788585
1873.0,15.422372765628085,Li-Po,Superfast,55.16936559357991,38.0,3.9246501412553103,Passive,A,Performance,68.18208212355012
907.0,18.789161413218423,Li-ion,,90.70171868094751,58.0,0.7141309953702761,Passive,B,Highway,67.47752902353258
181.0,27.757767558085455,Li-ion,Slow,54.135689497084044,,1.4568810624169712,None,C,Performance,61.39654611993059
1676.0,15.362780844180245,Li-Po,Fast,41.87389175981343,5.0,4.522858637875878,None,B,Performance,91.492725564727
917.0,28.858975663512577,Li-ion,Superfast,20.638550267483183,9.0,1.1966918425314532,Active,B,Urban,77.04467196709726
790.0,30.68375247195012,Li-Po,Superfast,97.64554225261095,13.0,3.9166144338575424,None,A,Highway,93.48704797372909
588.0,33.64819792761246,Li-ion,Superfast,85.94506265143555,39.0,2.125896870105841,Passive,D,Mixed,81.27016308696162
1376.0,18.01160030980849,Li-ion,Medium,69.24476677482632,23.0,,None,C,Mixed,80.71168597290544
1975.0,20.43035739381637,Li-ion,Medium,86.44338031227691,27.0,0.8323092648634636,None,E,Mixed,69.97571957137794
331.0,33.39850112151585,Li-ion,Fast,84.82313842007551,32.0,1.7895107528871952,None,B,Performance,91.05935188628762
541.0,34.74563137387918,Li-ion,Superfast,94.54806241806601,31.0,2.41155381873524,None,A,Mixed,85.52076647943431
329.0,15.777006846308288,Li-ion,Medium,50.885414668829995,33.0,4.35745681735005,Passive,D,Performance,
1573.0,31.211020863451147,Li-ion,,64.38817936687526,42.0,3.0357313594075293,None,C,Highway,101.66581208880939
1272.0,38.549451959964976,Li-ion,Superfast,27.890241897619674,26.0,0.7035138188496013,None,B,Performance,74.06503831935669
1448.0,17.073026333561824,Li-ion,Medium,97.22523405751785,18.0,4.108399579967568,Passive,A,Mixed,66.46269013564502
1373.0,27.39518595739559,Li-ion,Medium,98.81016554259999,12.0,,None,B,Highway,85.76523891793939
1983.0,24.795338190903056,Li-ion,Slow,83.12673983449614,3.0,4.704649537963553,Passive,E,Mixed,61.58598636374421
958.0,42.4099687605605,Li-ion,Medium,56.32967865186694,,1.452728507181753,None,C,Performance,93.19349176799557
715.0,20.57407179619366,Li-Po,Slow,59.725340073148615,14.0,2.6956676509567465,None,C,Performance,85.37890607094262
,24.550812394334404,Li-ion,Medium,54.82935463902856,59.0,0.8252643594483908,None,C,Mixed,
604.0,41.95334234973909,Li-ion,Superfast,43.464850921778435,47.0,3.0277057383399493,Active,C,Highway,67.11067087185339
1395.0,24.919599181799185,Li-ion,Medium,62.22331244390133,12.0,2.7375291532781674,None,A,,94.4301292725191
1183.0,30.940423217567833,,Fast,24.275605560045346,4.0,2.3461184069660432,Passive,E,,76.04841942406458
1696.0,15.99106011692638,Li-ion,Superfast,99.35096495497346,56.0,0.6600781266531789,Active,B,Urban,53.07612638552043
520.0,44.547073085251085,Li-ion,Fast,53.92401081313126,16.0,4.455213703931763,None,A,Urban,60.096801904168146
461.0,39.748401236135685,Li-ion,Superfast,94.1893267229685,11.0,4.111864694657881,Passive,D,Urban,61.31775659503445
562.0,34.03202834240029,Li-ion,Medium,77.94171685280028,36.0,3.3486350914804586,None,C,,89.93553076789226
1553.0,16.822658192699407,Li-ion,Medium,43.19543334911472,38.0,3.075034921852687,Passive,C,Performance,60.562521517313286
1213.0,17.24609884118342,Li-ion,Medium,37.76420945396819,57.0,3.6272589411642406,None,B,Highway,79.2196972387095
927.0,31.349208923720692,Li-ion,Slow,99.6540347009885,48.0,1.1479550716146525,Passive,C,Urban,83.93218566985988
739.0,23.551933086103027,Li-ion,Medium,81.77010840432285,2.0,4.696899108424178,Passive,C,Mixed,90.24058333524954
,33.6836834250952,Li-ion,Fast,39.97291793194727,13.0,1.7810298117708843,,B,Highway,90.76177133536984
1577.0,32.945774455433174,Li-ion,Slow,25.395603854180848,8.0,3.4542062259935102,Active,E,Mixed,87.31540051849694
109.0,40.15954194837893,Li-ion,Medium,,44.0,3.230400565138571,Passive,A,Performance,61.08555736458237
1256.0,23.441311821379273,,Slow,44.24131654488611,21.0,3.364762908720239,Passive,E,Urban,78.26040426930162
468.0,32.33590573472978,Li-ion,Slow,37.706465010217386,26.0,4.455284553869506,Active,B,Highway,65.08881824124563
1006.0,38.32089956516283,Li-Po,Superfast,78.79499321194689,38.0,1.8316004299277888,Passive,C,Highway,90.30507300502194
1867.0,29.723189589669786,Li-ion,Slow,74.34090581234781,35.0,3.870266847136958,None,C,Mixed,88.90082616550717
874.0,39.91930994816833,Li-ion,Slow,58.51301398081529,15.0,3.1927597877262612,None,E,Mixed,61.94167346707261
957.0,,Li-ion,Superfast,95.41247462162985,40.0,0.8422714892958807,Passive,D,Performance,83.34982152906255
782.0,37.0169329544143,Li-ion,Medium,74.37106928459929,30.0,2.363696063968888,Passive,A,Highway,53.038250921673175
1974.0,43.28946274562935,Li-ion,Fast,91.47356484959273,2.0,4.27078207969585,Active,C,Urban,89.96451768753897
1300.0,24.956499629806984,Li-ion,Slow,35.244235387977525,16.0,1.9190632501876366,Active,B,Urban,90.570507347682
440.0,25.990093272358948,Li-ion,Fast,,13.0,2.6701874749079417,Passive,E,Highway,68.04461936012227
1217.0,17.506490315725642,Li-ion,Slow,28.36161069549826,1.0,2.6988735566914697,None,A,Highway,91.92534040288959
785.0,34.244783387241355,Li-ion,Fast,44.36639982976283,43.0,3.2810444006263815,Active,D,Performance,94.631472593425
1637.0,31.573521769046106,Li-ion,Superfast,97.74226633651043,28.0,4.478080369055824,None,C,Urban,59.883005832501325
1666.0,16.210372761971033,NiMH,,97.02849968738406,1.0,1.280926394533204,None,E,Urban,68.2465453726374
710.0,37.566360809139354,Li-Po,Slow,80.83090836407928,40.0,2.7707759718805653,None,C,Mixed,63.57619518473895
,39.87853487235075,Lead-Acid,Medium,61.68386102263658,34.0,2.4092026667942545,None,E,Mixed,69.46663315316427
1817.0,42.213588124222625,Li-ion,Medium,82.4623839033796,13.0,1.8316404054526838,Active,D,Urban,73.23901625839883
672.0,31.372022585119264,Li-Po,Slow,64.27895609709759,53.0,4.6382367962919755,Passive,B,Highway,76.51837479444566
1581.0,28.57740104705272,Li-Po,Superfast,,2.0,0.5367699158347128,Passive,B,Highway,51.825392502089464
933.0,41.284114635962325,NiMH,,60.123765915489244,59.0,1.049471566836697,Active,A,Mixed,52.86865015418606
1664.0,26.96090457204417,Li-ion,Medium,67.9138756808842,4.0,3.800050024622493,None,C,Highway,84.07220092747664
1864.0,34.663293757036854,Li-Po,Medium,,25.0,1.6854872210911105,Passive,C,Performance,73.02255223082396
176.0,33.46086769202779,Li-ion,,36.26348513933293,34.0,3.754306674915095,Passive,C,Highway,54.66635525543037
1529.0,26.164832994555354,Li-ion,Medium,41.904727584452104,13.0,4.245141248220033,Passive,B,Highway,70.08395555683713
330.0,17.606698126981442,Li-ion,Superfast,69.89021996142925,36.0,1.6457720757553858,None,A,Highway,74.72573452209504
1468.0,,NiMH,Slow,31.6851291948442,32.0,1.363749295383609,Passive,B,Mixed,83.05068535620106
368.0,27.847132216061617,Li-ion,Fast,77.62626410635995,58.0,1.15385284706521,Active,E,Highway,56.153163371763355
490.0,29.436047244700703,Li-ion,Medium,53.81398567692876,21.0,1.400398748971008,,C,Urban,101.72982435749603
390.0,39.68034804569676,NiMH,Superfast,48.26782873642604,26.0,1.702334251027362,Passive,E,Mixed,74.68468785149706
743.0,27.432349497344134,Li-ion,Superfast,84.57850333442823,15.0,4.40937417443229,Active,D,Highway,85.40110985496159
168.0,23.434796242004076,Li-Po,Medium,60.48505995492213,29.0,3.9650198596359463,None,E,,97.22734495288564
827.0,28.862894042254595,Li-Po,Fast,50.27204489527425,26.0,0.5082994261320872,Passive,E,Performance,51.65481493171315
739.0,22.139714412720636,Li-ion,Medium,90.25237724484836,21.0,4.43353613944144,None,E,Highway,81.27066686598333
762.0,17.740818333448697,Li-ion,Superfast,49.46013057595806,12.0,0.8546553486588995,None,B,Mixed,78.09849855699223
1441.0,18.391291010583217,Li-ion,Fast,88.72002263546963,12.0,3.448695278960927,None,E,Highway,52.98515366792863
434.0,24.574633796907825,Lead-Acid,Superfast,60.33589587700466,5.0,1.1816364569757187,Passive,C,Mixed,86.03744273117172
559.0,15.38029252675472,Li-Po,Slow,36.640567796400575,42.0,0.7802411472993029,,A,Urban,61.480683785081595
1655.0,21.606098600437143,Li-ion,Superfast,69.0254550488867,26.0,3.9189681388453,Active,D,,86.49784251161175
1231.0,38.62569422797061,Li-ion,Medium,42.8258821015969,32.0,,None,C,Mixed,68.85671710192474
1896.0,22.038515772909328,Li-ion,Fast,31.77241057409561,2.0,3.195781309900216,Active,A,Urban,90.04656245190068
1683.0,,Li-Po,,26.92234971182236,8.0,2.414088584588565,Passive,C,Mixed,98.97159504848842
1790.0,43.472416799836175,Li-ion,,39.33578686379536,27.0,0.8022733812852896,Passive,E,Highway,94.74665613352178
135.0,33.67410349054858,Li-ion,Fast,78.9243713601753,37.0,3.828281748291386,Active,D,Mixed,75.09382567921764
1975.0,16.800778483069976,Li-Po,Fast,87.03993779005941,54.0,4.19158004525972,Active,C,Highway,61.71419101309109
410.0,16.867318994847086,,Fast,88.93766767855372,8.0,0.6863924438991511,None,D,Mixed,101.60602302586715
1055.0,33.363663770975094,Li-ion,Superfast,41.61186189679549,24.0,2.190727386427727,Passive,B,Urban,84.29393086099074
841.0,31.20386406194735,Li-Po,Medium,72.87783463562735,13.0,3.00792441681572,None,B,Highway,70.58953714853487
1158.0,17.051243171789544,Li-ion,Fast,38.42832479319436,29.0,3.2233254024511275,None,E,,75.03923486891867
408.0,21.729464249200063,Li-ion,Fast,69.82096911745923,13.0,3.1016882351358444,Passive,E,Highway,56.6588751561887
776.0,42.87128743456765,Li-ion,Fast,90.97687944333575,58.0,3.6182329425595823,Passive,B,Mixed,76.27518555504156
1206.0,32.16032431443052,Li-ion,Slow,23.27149460816651,23.0,4.8506729108878535,None,C,Urban,59.00455438305212
1976.0,28.20976194443491,Li-ion,Fast,98.81805341803249,47.0,2.2576393450792,Active,A,,69.01876571265298
1460.0,22.504662357610982,Li-Po,Superfast,86.1670301966756,15.0,3.004806051300152,Passive,,Urban,75.57188177660308
1320.0,19.01094126905613,Li-ion,Superfast,80.93296930349587,24.0,3.6458538325879957,None,B,Performance,99.28553443527599
1214.0,27.07895052332043,Li-ion,Fast,75.30903149694328,58.0,3.1659071993501224,Active,A,Urban,82.48404051142126
,42.67099677993902,Li-ion,Superfast,81.62191111311027,43.0,2.240379635041317,,C,Highway,69.33828941506248
1149.0,16.46134187032625,Li-ion,Superfast,99.56762848324368,23.0,3.308356795774219,Passive,A,Mixed,55.88064330961854
1975.0,44.729364478286,Li-ion,Fast,81.61530376900325,10.0,,Active,A,Performance,88.85380658017812
1171.0,21.234381606060232,Li-ion,Superfast,48.12806277346616,38.0,3.1323581389685153,Active,B,Performance,74.27635055464202
1376.0,27.26302081197028,Li-ion,Slow,69.11374823468026,5.0,1.4229979733856688,Active,D,Performance,53.54406809386096
1539.0,16.351539244971526,Li-ion,Fast,,5.0,2.776916111685944,Passive,D,Urban,84.15748023862123
1128.0,32.54346609324094,Li-ion,Medium,97.60523546053366,31.0,4.479605643923152,Passive,,Highway,68.20547986478459
354.0,29.50665796202975,Li-Po,Superfast,92.01117862605602,40.0,4.408708451145095,None,D,Urban,71.00234662071615
820.0,35.001211042043394,Li-ion,Fast,65.40961819702628,1.0,3.87854566248205,None,E,,93.62039879723697
583.0,31.28034381874418,,Medium,82.50190035947593,2.0,3.6373798149675127,Passive,B,Performance,57.140028449399
84.0,26.94533353941207,Li-ion,Slow,92.77495543774111,49.0,1.189756119922029,None,D,Performance,67.69949327224292
1613.0,37.132700934350126,Li-ion,Slow,39.48802109252475,29.0,,Active,A,Urban,68.91074360775505
1562.0,15.750633833608733,Li-ion,Fast,66.35854855430438,58.0,0.9992808938637235,,D,Performance,50.17312665012062
731.0,31.230870626237856,Li-ion,Fast,58.53730554020387,,4.1777800233620885,Passive,B,Mixed,93.95710365130397
1213.0,18.416286114870278,Li-ion,Slow,81.72730838743531,29.0,1.80969442897888,None,A,Highway,93.43625354585728
,28.080249992575,Li-ion,Slow,50.3266017067063,57.0,3.9508963891209223,Passive,A,Performance,84.41548806845752
,38.733759505740494,Li-ion,Slow,76.71837117665532,55.0,4.1656050117900625,Active,B,Highway,96.74492809130567
1173.0,19.273822387812004,Li-ion,Medium,52.239447120939026,,4.516232438351934,Passive,C,Urban,64.1901036335124
1039.0,43.074310463174555,Li-ion,Medium,28.88598917156034,36.0,3.8922353531949354,Active,,Performance,61.472774592738006
1446.0,41.65514077174214,Li-Po,Fast,28.56971452866538,7.0,3.041280502283216,Passive,B,Mixed,53.56308162160771
808.0,27.447152126000955,Li-ion,Medium,29.524505964254992,28.0,,Passive,B,Performance,80.78466625625927
1096.0,15.179245221778096,Li-ion,,22.60159007457294,10.0,1.9426202457017863,Passive,,Mixed,
1942.0,38.69234480023458,Li-ion,Slow,62.63785372774176,16.0,1.2964828612570038,None,A,Mixed,92.14060841603907
333.0,41.42687410236849,Li-ion,Fast,73.7522145586988,10.0,1.0878629217070106,None,A,Highway,75.02692595172174
162.0,20.242142770662976,NiMH,Medium,30.138272146055165,39.0,1.3191058450254716,Active,B,Highway,60.56828342934747
422.0,42.48576626449671,Li-Po,Fast,68.94864001772896,58.0,4.702783493312813,None,A,Urban,
246.0,42.422918318840885,,Medium,67.81920626063297,26.0,,Passive,E,Mixed,73.68363775090276
1237.0,29.138725531025713,Li-ion,Fast,31.76752411174899,34.0,3.7568185021784744,None,B,Mixed,99.70317147087016
942.0,38.94104432393526,Lead-Acid,Slow,52.32660799690106,34.0,1.330828444916261,None,A,Highway,
871.0,28.34843934815965,Li-Po,Slow,80.41085678167872,40.0,4.888803965970982,Active,C,Urban,56.0704245830937
1504.0,31.921387977558535,Li-ion,Slow,21.34048204416092,14.0,2.149630409640639,Passive,B,Highway,94.25327109307995
1641.0,24.5951702942929,Li-ion,Medium,31.755830711871056,18.0,2.3546139306308147,Active,B,Highway,95.67734007852164
59.0,19.784080359624735,Li-ion,Fast,99.66626994597956,1.0,2.3203021045196923,None,B,Urban,73.1624401858592
1718.0,37.39609751442096,Li-Po,Fast,78.68359177192477,17.0,4.174066328270939,,D,Mixed,51.35163648584915
447.0,15.04178533557407,Li-Po,Fast,57.13042233754046,49.0,1.4823073613394928,Active,B,Mixed,51.54562043182334
201.0,32.38658068946344,Li-ion,Superfast,70.38411296733003,22.0,4.239611311575332,Active,,Urban,68.2597611667947
240.0,40.94058079135391,Li-ion,Medium,87.69767764787795,,3.456764844989365,Passive,A,Mixed,87.24407544381229
1869.0,21.638318603293516,NiMH,Slow,87.38436684429094,16.0,1.4912607550861623,Active,B,Urban,67.21469434620266
326.0,24.98698370394007,Li-Po,Slow,45.97611483689657,7.0,0.7943339562840981,Active,E,Urban,50.401955982427495
542.0,32.62457558593388,Li-ion,Fast,59.303313803617925,15.0,3.987466436475314,Active,A,Highway,94.12569352402275
1316.0,22.406107395934203,Li-ion,Fast,71.0444077198915,51.0,1.4853337061728404,None,C,Mixed,100.37408644033145
537.0,40.42460571992349,Li-ion,Superfast,25.751753321168323,21.0,4.500800733752735,Active,D,Mixed,68.0112116652641
1917.0,25.99809501337665,Li-ion,Medium,95.66372795126017,2.0,1.084033748141326,None,C,Urban,53.79988557991099
325.0,32.448411594596585,Li-ion,Fast,54.61934605298984,59.0,3.27364054163376,Active,D,Highway,65.15340938922445
239.0,21.783634427976263,Li-ion,,49.66898618063415,48.0,3.6147577717468002,Active,A,Highway,91.54830033365587
1700.0,16.24159010972957,Lead-Acid,Medium,92.56802891598608,25.0,3.459660865507486,Active,D,Mixed,78.19744758875999
913.0,20.211007980409818,Li-Po,Fast,29.462931900248375,9.0,1.922134165233145,Active,A,Performance,69.96725324770584
1380.0,16.385968128264096,Li-ion,Slow,,20.0,4.439855854492107,Passive,C,Urban,67.37979881964998
1943.0,29.058116988396577,Li-Po,Medium,74.80019298402192,50.0,3.9641239253693623,None,C,Mixed,56.00053591416446
345.0,32.59912172754149,Li-ion,Slow,50.80023744840833,10.0,2.7959285372957634,,D,Mixed,67.65471542139827
1307.0,16.340256230563583,Li-ion,Superfast,81.15806470640847,56.0,3.2148186257230194,Passive,E,Performance,74.44563868792008
390.0,17.714466646137986,Li-Po,Fast,25.483568922140442,52.0,3.0486705212631815,Passive,C,Performance,85.00333542340704
,29.565750804310525,Li-ion,Fast,50.70057148283091,21.0,4.760143598054413,Passive,D,Highway,63.628074442009265
1266.0,38.975397966029284,Li-Po,,38.82601696368898,4.0,4.533859565506802,Active,B,Highway,96.66370181076772
932.0,33.84027536747158,Li-ion,Superfast,79.16852263572778,30.0,1.5597377832023152,Active,,Highway,75.20958597879857
1437.0,18.14130660311608,Li-ion,Medium,38.173608834189714,34.0,1.682418999717703,Passive,B,Highway,71.06838552924395
1997.0,41.62626821524484,Li-ion,Superfast,56.63562678194839,30.0,4.916471324595946,Passive,,Urban,80.8855946469397
999.0,42.523507043692405,Li-ion,Medium,85.51020409093695,14.0,1.5645231587879092,None,,Performance,58.7164348140639
307.0,,Li-ion,Medium,93.23124283715757,22.0,4.790656960171678,Passive,D,Mixed,55.54244111904773
1026.0,33.48053375644086,NiMH,Fast,77.80846349326222,1.0,3.423891672935353,Active,C,Highway,68.02009928567759
1584.0,29.769814505541355,Li-ion,Fast,,8.0,0.725492475684804,None,B,Mixed,52.076536367063404
1304.0,43.260713058894666,Li-ion,Superfast,65.75886997941865,11.0,2.010772397573751,Passive,D,Urban,69.63432644253763
63.0,,Li-ion,Slow,75.17519577219952,1.0,2.6426933236080123,None,C,Highway,84.91723338921324
1087.0,43.798974411361925,,Slow,89.99461012592944,5.0,4.248918011527033,Passive,A,Urban,92.23035981493601
605.0,20.980276515906183,Li-ion,Medium,91.08591878082333,57.0,1.9786343597390823,None,C,Highway,80.14768165819001
1057.0,25.3661027308704,Li-ion,Fast,94.47755931906777,45.0,1.897602404560459,None,C,Mixed,85.94911616964244
259.0,,Li-Po,,84.85688791259058,49.0,4.641184665628988,Active,B,Urban,93.32274892059712
1113.0,38.50832206780103,NiMH,Superfast,31.74383487533334,10.0,0.8556545543052807,None,D,Highway,90.20276510615788
1107.0,36.96549821870116,Li-Po,Medium,79.81116267089945,55.0,2.981845466217479,,E,Mixed,66.63905959691444
796.0,40.78834393995912,Li-ion,Medium,85.16738988505742,39.0,2.7690767143164647,None,A,Mixed,79.8179793227925
,36.07638518831436,Li-ion,Medium,90.2297142141107,13.0,0.7580064210012967,Passive,D,,63.772364044902176
1307.0,34.082554334167014,Li-Po,Superfast,93.98535156942607,21.0,0.8949164923368977,Passive,B,Highway,79.96935673654787
1859.0,28.76775039232536,NiMH,Superfast,60.7327850814758,36.0,2.2188534484010205,Active,D,Mixed,72.15207155965544
1953.0,29.012632299879805,Lead-Acid,Medium,72.40741560994483,57.0,1.1037254870515145,None,E,Mixed,69.38555744529178
1363.0,27.18484479612725,,Fast,20.764222129357528,53.0,2.6513235700153515,Active,A,Highway,59.545325093462445
,33.60635399111461,Li-Po,Superfast,65.82268541539472,45.0,3.239999984332307,Passive,C,Urban,79.2111583498174
1506.0,27.199917876989808,Li-ion,Slow,,33.0,3.6112850802633956,None,A,Mixed,
897.0,19.42482942259791,Li-ion,Medium,96.98448357558395,57.0,2.95911529664344,None,E,Highway,79.70654462388781
1814.0,18.195888486259403,Li-ion,Fast,,43.0,2.2084700715199057,Passive,A,Urban,53.59978674806525
1965.0,42.734168257313335,Lead-Acid,Superfast,83.80831435467086,28.0,1.08391381972086,Active,A,Mixed,
1000.0,15.742167226136493,,Medium,24.559534761621336,53.0,1.613684366631849,Active,B,Highway,50.28553457601184
1391.0,18.164017854169575,Li-ion,Fast,52.16230738266666,9.0,2.387397546571341,None,C,Performance,96.02301151015965
,28.3591462393676,NiMH,Slow,75.68337777556481,45.0,4.658515175310352,Active,E,Highway,89.83581297380637
1911.0,22.887788007131395,Li-ion,Superfast,22.372859485142484,11.0,1.4117026153747778,None,B,Mixed,55.020978770514915
457.0,27.175467012064377,Li-ion,Superfast,38.865103340224096,59.0,2.3600490391969493,Active,A,Urban,62.301347854500094
1794.0,18.5234214478165,Li-Po,Slow,91.0005752094503,40.0,3.7953898581832437,Passive,A,Urban,68.14629385736946
865.0,,Li-Po,Superfast,30.382461383953938,29.0,,Passive,D,Urban,97.33564727358817
1153.0,,Li-ion,Fast,24.109880347091533,58.0,4.845166675132744,Passive,B,Mixed,100.95616310617025
1880.0,37.773262323009114,NiMH,Superfast,66.44686050277355,7.0,1.3590558350585347,None,E,Mixed,54.532749918994305
225.0,18.12758597173843,Li-ion,Medium,95.71716923422242,27.0,0.5743382521998284,None,E,Urban,70.64047102629715
1818.0,35.0337124469706,NiMH,Slow,86.7699791926911,22.0,1.9504546744424125,Passive,E,Urban,57.762656576820646
1064.0,33.2793397006645,Li-Po,Medium,97.98180037767645,57.0,1.1736167561722222,Passive,E,Urban,64.47870114269867
1911.0,36.40088168040689,Li-ion,Superfast,80.28185229569995,,2.968110735725778,Active,A,Urban,101.01565564348492
,29.233467136874225,Li-Po,Medium,54.98958192676572,30.0,4.544505748626051,Passive,A,Highway,101.19015783042508
1850.0,23.099604826003223,Li-ion,Fast,95.72931516718992,28.0,3.5970207483764427,Passive,B,Mixed,74.55117289113252
1358.0,34.91037508069584,Li-ion,Medium,,20.0,1.111094853575562,Passive,C,Performance,59.523214163114666
1995.0,26.14072279568466,,Fast,,15.0,1.0224051097796933,None,E,Urban,78.44496684956573
1703.0,21.568587030364814,Li-ion,Fast,55.855673421394705,15.0,4.601524159739422,None,A,Highway,66.6756307937714
1751.0,27.258870411578496,Li-ion,Fast,85.11791635059716,53.0,2.6942429745158014,Passive,B,Performance,98.29920368669474
367.0,37.89809506802862,Li-ion,Slow,93.41548398791106,,4.656528463951838,Active,E,Performance,92.54714398071562
459.0,29.273795896086057,Li-ion,Medium,48.614568796774044,17.0,3.812979719943574,Active,C,Urban,66.05971462116231
1215.0,23.995927903002663,Li-Po,Fast,56.979796522581,23.0,4.970068072859304,Passive,E,Urban,50.95207300862449
296.0,39.95605844471485,NiMH,Fast,91.86618586435064,6.0,4.42052484197438,None,D,Highway,101.8985290535469
226.0,41.449312655428045,Li-ion,Medium,23.763493162293514,45.0,2.3639548651781235,Passive,E,Urban,85.5338872459433
860.0,27.997512713180242,Li-ion,Superfast,82.70949552910811,16.0,3.912025223982157,Active,D,Performance,72.13783116842413
1417.0,26.24064062180684,Li-ion,Slow,56.33742065874713,,2.6205267529397522,None,C,Urban,64.99969764962486
313.0,33.380968410568954,Li-ion,Fast,50.121468083973696,23.0,1.5488253189460157,None,D,Highway,50.230070801682935
217.0,16.739233381737392,Li-ion,,55.75370334694712,1.0,1.5846316644036178,None,C,Highway,58.00588929693954
1098.0,35.73969481702791,Li-ion,Superfast,53.49525404012638,45.0,2.2879496500781613,Passive,B,Highway,
752.0,38.468628161317405,Li-ion,Superfast,80.52948945502447,7.0,,Passive,D,Highway,81.07439037015548
,26.92325781771515,Li-ion,Fast,94.23580177953245,45.0,1.2999482819988974,Passive,E,Highway,84.49385012046207
1600.0,20.238475500221895,NiMH,Fast,59.31646603572629,39.0,2.7527390767404456,Active,E,Urban,89.87339940455323
577.0,15.864551254225905,Li-Po,Fast,86.61870286260091,40.0,,None,B,,59.72396648760345
1383.0,34.117367984613,Li-Po,Medium,78.5555628569791,50.0,3.099588539077513,None,A,Highway,54.99048524920227
1712.0,23.069802199047295,Li-ion,Fast,46.45446284451815,49.0,2.3382353713461006,Active,C,Mixed,83.82387335982745
1852.0,28.91668761363853,Li-Po,Slow,66.9851051621238,48.0,1.5921514394118579,Active,A,Urban,75.9944941903369
77.0,26.590665649725928,NiMH,Medium,73.34525400125557,49.0,1.3815558711789828,None,A,Highway,95.53566680385401
1848.0,20.24654387842388,NiMH,Slow,21.879949751237042,40.0,,None,B,Mixed,77.72983322680385
1443.0,30.25106005382112,Li-ion,Superfast,51.676444097939225,39.0,4.317463928397464,Active,B,Mixed,73.13070342971304
1457.0,28.78780568222214,Li-ion,Medium,99.41105406779654,57.0,2.294851668976236,Passive,D,Performance,75.3774458512129
1367.0,33.72442868609497,Li-ion,Medium,,18.0,2.9779657086797724,Passive,D,Mixed,90.68072935356564
713.0,22.556549835893602,Li-ion,Medium,46.73952554334208,36.0,3.6802704256206753,Passive,D,Performance,50.95187035279299
1552.0,21.439172395602174,Lead-Acid,Slow,40.001923152058225,56.0,0.7623300877500911,Active,D,Performance,
629.0,,Li-ion,Slow,36.7585281680605,22.0,2.0790367134628256,None,,Mixed,87.13783020889859
86.0,36.06576734892124,Li-ion,Superfast,52.1313127172166,2.0,,Active,E,Performance,96.03506649824558
937.0,38.1661935507469,Li-ion,Fast,35.461255248608765,48.0,3.5807856193367233,Passive,B,Mixed,99.89914771103719
596.0,18.698694352650843,Li-ion,Slow,30.814894564282255,26.0,,Passive,C,Performance,61.75219176720229
695.0,21.72118929981053,NiMH,Superfast,49.125062754156716,50.0,1.5701832426803224,Passive,C,Highway,80.0737212451718
927.0,32.265945486109196,Li-ion,Fast,68.55997541166346,32.0,3.5598074650025056,Active,C,Highway,75.27427375522767
722.0,40.71604040618724,Li-ion,Medium,31.711934566890267,23.0,1.7213721906015704,Active,C,Highway,77.95619351988478
421.0,41.7634392950541,Li-ion,Fast,23.547461909028804,57.0,4.164846322718244,Passive,C,Mixed,52.4590374772272
785.0,39.95729886764782,Li-ion,Slow,22.770625445095327,40.0,0.6327718663962171,Passive,E,Mixed,
1695.0,16.30193838253282,Li-Po,Superfast,41.390740194877466,46.0,1.3565616318205027,None,B,Urban,
151.0,39.626375539671784,Li-Po,Medium,35.210583241304136,18.0,1.7659084102275118,Active,D,Mixed,85.6264642089181
1428.0,41.97273532563245,Li-ion,Medium,63.14042882321218,19.0,4.663804256645397,None,,Urban,
514.0,16.702472704579563,Lead-Acid,Fast,56.45761496407196,24.0,4.083435303667995,Passive,D,Urban,90.93473422752638
743.0,27.488426813309644,Li-ion,Fast,45.98132914712149,4.0,4.478652889381929,Passive,B,Highway,88.00401714389079
529.0,31.09830969890105,Li-ion,Slow,86.68342673207687,54.0,2.4821561622977937,Passive,B,Mixed,79.87869545125099
959.0,21.98251118650499,NiMH,,60.39575943972211,46.0,4.201529410743889,None,E,Mixed,58.85245382467635
1732.0,30.50056968111332,Li-ion,Fast,27.322399366727936,2.0,4.340721073310369,Active,E,Urban,60.46130291275563
,41.57867363883194,Li-ion,Medium,,30.0,2.2998057074374985,Active,D,Urban,80.64905661025267
1048.0,41.008275190372935,Li-ion,Superfast,97.86714129572732,49.0,4.975078314849137,None,B,Mixed,56.69888930739166
1724.0,43.19511843772443,,Superfast,98.15818566064115,38.0,4.330573831471412,,D,Urban,87.64434159280083
1400.0,29.523293951836262,Lead-Acid,Slow,40.373730843769536,31.0,4.883436359351549,None,E,Mixed,61.05520432442025
749.0,,,,33.37889030359311,40.0,4.399236988903245,None,D,Mixed,97.34495024446989
649.0,34.9736345709706,Li-ion,Fast,59.65505169737955,16.0,3.992916381150236,Active,E,Performance,96.7857069334025
1320.0,27.502817328031025,Li-ion,,58.51719345334772,53.0,4.747297430590456,Active,A,Urban,65.26740087316622
1062.0,16.25833788002573,Li-Po,Superfast,52.81101498152137,33.0,2.3891866006306555,None,C,Highway,54.336115992329795
1771.0,36.59764356511365,Li-ion,Slow,62.34857819951624,58.0,4.025000450735881,Active,A,Mixed,81.79362181912244
1161.0,,Li-Po,Superfast,,50.0,1.458010426622493,Active,D,Urban,73.31755264555021
383.0,16.472559368015716,Li-Po,Slow,,3.0,3.7975723462448463,None,D,Urban,57.47286271700509
713.0,15.618632295807124,Li-ion,Medium,65.6369166781148,18.0,4.034089773735768,,B,Urban,77.63703661954378
828.0,42.940838057319546,Li-ion,Fast,94.60783974259,57.0,3.724359844476154,None,C,Mixed,101.62166063033325
1273.0,22.562280259325068,Li-ion,Medium,31.019942129623832,10.0,4.324158794107228,Active,E,Mixed,53.58711158752144
1456.0,28.436975775691906,Li-ion,Medium,76.38517793851699,2.0,2.3600095108232253,Passive,D,Mixed,63.7225600601026
1501.0,43.517293586965664,Li-ion,Medium,55.0317349904308,51.0,2.9514565943397115,Active,E,Urban,78.007942821766
1408.0,29.025509363421754,Li-ion,Fast,43.518127178304326,,0.5480033481287194,None,E,Highway,91.25478669305181
1051.0,17.35827970578934,Li-ion,Medium,88.24873747139407,30.0,1.157239233527108,None,E,Performance,
1831.0,31.558081417399777,Li-ion,Medium,56.51933556297456,25.0,3.3988726653251975,None,A,Highway,88.10352035622333
499.0,17.645959603621954,,Slow,66.66496112543922,43.0,3.0304273984027024,Passive,E,Mixed,57.27394423405365
265.0,17.85263635120609,Li-Po,Slow,55.44450295519435,51.0,1.387996310936318,Active,B,Mixed,93.19533280466189
990.0,,Lead-Acid,Slow,26.49996653356423,56.0,1.595591573721267,Passive,A,Mixed,85.99315381250761
635.0,,Li-ion,Fast,67.59237495201488,24.0,2.0483699086555616,None,A,Highway,73.73859061551015
721.0,35.36010600337309,Li-ion,Superfast,,59.0,3.7238662082457914,Active,D,Highway,92.72233027971038
1328.0,30.26773005985985,Li-ion,Superfast,,35.0,3.2437247119848545,None,,Mixed,88.11853158699466
,21.669800736132423,Li-ion,Medium,67.66493875351799,10.0,0.8130706887888042,Active,C,Performance,89.47756805356755
1066.0,30.53460895959623,Li-ion,Superfast,20.7896745631382,48.0,3.919726170555623,Passive,D,Performance,65.08383437054135
554.0,17.069806076992585,Li-ion,Medium,36.68163106036738,30.0,1.681968033599133,Passive,C,Urban,
487.0,25.41637048769128,Li-ion,Slow,82.48556295241698,26.0,3.522918552819891,Passive,E,Highway,57.3375147353501
1723.0,30.68508675061475,Li-ion,Medium,23.034193988698757,35.0,1.0551328009769771,Passive,,Performance,92.68475965209313
519.0,,Li-ion,Fast,71.7345678444111,24.0,4.9906457452362565,Active,E,Mixed,77.3905902911528
55.0,34.80564390544082,Li-ion,Superfast,95.97655569658592,51.0,0.8615082680947135,Active,C,Highway,92.89394971843359
268.0,16.5543576508892,Li-ion,Medium,,20.0,3.837803127804478,Passive,C,Urban,60.98015783240265
1989.0,29.544296936118805,Li-Po,Slow,53.368948816765965,53.0,2.935986616638929,Passive,B,Urban,56.77775868932082
1586.0,36.4498734386815,Li-ion,Fast,66.03981578967986,39.0,0.8867263607786223,Active,,Highway,85.82637600841838
625.0,27.898381768703185,Li-ion,Medium,56.03326709870754,49.0,0.6206470589783998,None,A,Mixed,53.036671383209494
1794.0,41.23759245956814,Li-ion,Medium,69.63021489454138,40.0,2.131995728825054,Passive,B,Performance,62.68726916862033
562.0,33.96578343721997,Li-ion,Medium,52.32780201335985,35.0,4.110007694032148,Active,A,,97.25310966290559
918.0,43.754787481762136,Li-Po,Fast,31.880330321753636,39.0,0.6851805812662662,Passive,C,Mixed,56.90341437134595
1262.0,23.52365438324936,Li-ion,Medium,,59.0,3.6697939849762435,Active,A,Highway,69.52890623506246
,43.16367992564241,Li-Po,Slow,79.55545249417156,10.0,3.449193243189074,Passive,C,Urban,99.17031066272033
1320.0,33.2046776965709,Li-ion,Slow,39.08991596175238,27.0,1.6949195454774524,Passive,D,Highway,51.04016722753097
818.0,37.35536697640196,Li-ion,Slow,87.79602502133787,51.0,0.8487141608070062,None,E,Mixed,73.15638589942343
1026.0,42.064833511303405,NiMH,Slow,79.44217950574723,57.0,4.618948822493279,None,A,Mixed,90.89587952386975
735.0,31.535915639754627,Li-Po,Fast,23.956254747388932,15.0,1.8515741123152578,None,D,Urban,97.26698108142241
670.0,40.86542375848996,Li-ion,Slow,36.09688936509882,58.0,1.0012245430404252,None,A,Mixed,88.24999968177382
1645.0,31.25090818764166,Li-Po,Slow,43.35941252476306,15.0,3.5668268526241222,Passive,D,Mixed,96.19637012244746
604.0,,Li-ion,,67.55857990608321,37.0,1.4750655295623258,Passive,B,Urban,51.7871480850906
1501.0,28.352957186921564,Li-ion,Slow,84.78616002521112,35.0,2.6403384000318346,None,D,Mixed,55.19356132368719
599.0,19.369156555203087,Li-ion,Fast,24.826660412673853,3.0,0.7268249490621488,None,C,Mixed,88.3617821502769
412.0,31.605097000466,Lead-Acid,Superfast,39.96871615038487,29.0,4.968427770086472,Passive,B,Highway,89.17306911696764
1843.0,44.323446907985435,Li-ion,Superfast,50.096780990377674,4.0,,Active,,Highway,81.47411512311498
643.0,38.61557987196853,Li-Po,Fast,34.670172367053304,47.0,4.995994915892904,None,C,Highway,87.97437815173353
1469.0,37.42495454260309,Li-ion,Superfast,63.62336780050793,16.0,,Active,A,Highway,94.61876225817704
1806.0,34.299264081888886,Li-ion,,58.240198348664826,5.0,2.0653365017399876,Passive,B,Performance,78.36509052732872
1992.0,25.437260204617335,,,45.31965136409279,21.0,4.615575477201831,Active,A,Highway,99.26086679945598
672.0,20.088455834351354,Li-ion,Medium,61.35095095362854,40.0,1.9825963423001967,None,E,Highway,86.10035782800009
1850.0,21.736548049280696,Li-ion,Fast,48.46572514808911,42.0,2.4440249629232182,None,D,Highway,74.5430684326011
1209.0,15.189662686279505,Li-ion,Medium,47.45552539738326,54.0,0.8514969652137088,None,D,Urban,71.91894243361732
483.0,35.20441262695064,Li-Po,Fast,41.2316420285594,21.0,4.7995807461596405,,C,Highway,
1921.0,39.35632675669301,Li-ion,Medium,63.23503474515106,2.0,0.8831805838290598,None,C,Performance,82.78439931675227
367.0,23.067340535941792,,Slow,55.52923155618615,,3.9703322009089588,Passive,D,Performance,92.50705515880978
584.0,17.755511989328156,Li-ion,Fast,35.7059827301779,5.0,2.923769272150296,Active,E,Performance,90.61128565738244
,25.071812034657533,NiMH,Fast,21.037300871855933,7.0,0.7763231482139062,Passive,C,Mixed,
,23.76153688250934,Li-ion,Fast,32.07436324903355,11.0,0.5076672261847528,Passive,E,Urban,99.17649309533795
,,Li-Po,Superfast,23.42676811988314,35.0,4.709991373372082,Passive,C,Highway,86.6213778940785
827.0,22.92306162963033,,Slow,54.52790669107457,30.0,3.8397803190599475,Active,B,Highway,60.44365856149884
189.0,25.19198116035087,Li-ion,Superfast,38.00774831298867,44.0,3.588963095927367,Active,A,Mixed,82.16133302702167
942.0,42.226643380477284,Li-ion,Superfast,53.636426601977966,46.0,2.473504387696499,Passive,D,,60.49427890555211
677.0,,,Slow,46.355989869600705,55.0,1.5737620401993984,Active,A,Mixed,79.06016335038137
1277.0,38.56554140189691,Li-ion,Fast,63.04118485492534,1.0,3.5593838362875827,Passive,D,Performance,91.07659151927663
207.0,33.77501100673378,,Superfast,77.90934630308807,54.0,3.2373548087769466,Passive,C,Mixed,92.25027779883939
1403.0,25.126138368941216,Li-Po,Superfast,,16.0,3.768539876817514,None,A,Urban,83.84290094556381
1023.0,39.53364809341051,Li-ion,Fast,24.95744487513047,47.0,2.1460663332511793,Active,E,Mixed,90.73192094193897
245.0,32.85228208788794,Li-ion,Slow,21.40083851319264,1.0,4.941156922309356,None,C,Urban,74.5562536019395
1504.0,15.25856182796701,Li-ion,Slow,37.05849330220313,55.0,0.8015389494283978,Passive,B,Mixed,78.63410394376285
773.0,17.061846047171993,Li-ion,,53.9974008976683,22.0,0.8586572766629632,Passive,A,Urban,95.73956293099619
602.0,37.57918678356957,Li-ion,Superfast,23.592402290181383,13.0,4.625941314112768,Passive,A,Highway,75.64019381672483
1944.0,28.39583368755583,Li-Po,Slow,46.218704387191124,58.0,3.414678957135696,None,B,Performance,68.24831260928542
1592.0,27.165233752306218,Li-ion,Slow,90.96205663161219,27.0,1.96850330681947,,D,Urban,91.44361361010692
911.0,19.37481552587424,Li-ion,Superfast,27.201521748173548,15.0,3.928787409652818,Passive,C,Mixed,52.62463228095987
933.0,,Li-Po,,95.88132078156589,17.0,2.5374802453386796,None,B,Mixed,99.83456490195988
1690.0,38.93257350287702,Li-ion,Medium,88.53374204072958,9.0,0.5950467896347945,Passive,E,Performance,67.68338994035426
1545.0,39.87051401884366,Li-Po,,86.5424924810831,5.0,3.429966512389808,Passive,C,Highway,82.74004032128633
507.0,31.800076219161877,Li-ion,Slow,,59.0,,None,B,Highway,85.64367311837607
869.0,23.853834294170625,Li-Po,Fast,26.404021220238647,23.0,1.019008024745305,Active,B,Highway,57.12806470991268
1118.0,,Li-ion,Superfast,32.09344751829575,44.0,1.5137293212473188,,A,Urban,92.7887328314896
87.0,33.7188717298568,Li-ion,Fast,30.749794124886574,49.0,2.642710465081618,Passive,A,Performance,79.7498738520111
725.0,38.89926358355365,Li-ion,Medium,28.899344860110077,43.0,0.7243539407745812,None,A,Urban,67.05228811192747
1666.0,15.098487608646462,Li-ion,Slow,46.21689756257834,11.0,4.474185740507965,None,C,Urban,94.23566536088752
390.0,28.509588026260815,Li-Po,Fast,86.41735063604219,24.0,3.0196310745621284,None,D,Urban,82.50417967040387
1643.0,41.12847258959867,Li-ion,Fast,40.15697149049834,,1.8184828105193707,Passive,C,Urban,
351.0,,Li-ion,Medium,39.5377343193808,47.0,3.5915218163990734,Active,A,Mixed,101.60010838619877
684.0,36.79653530616843,,Slow,74.07110059364906,57.0,4.119064236409736,Active,A,Mixed,56.774373250259366
1780.0,34.73024475385937,Li-ion,Fast,27.754008170937368,34.0,3.262660825925661,Active,C,Mixed,88.97901715741993
1266.0,19.566550990628983,Li-ion,Slow,48.82239938895392,54.0,1.4112260685973559,Passive,B,Urban,89.39889247414753
1987.0,38.24711481763215,Li-ion,Medium,43.63410454753768,42.0,0.9962978906589965,None,B,Highway,95.48386253182525
,18.375803709383966,Li-ion,Medium,87.7840691303537,53.0,4.36954863665024,Active,A,Mixed,71.2194035302458
665.0,36.83742289715822,Li-ion,Slow,61.1601022100368,31.0,1.5560933609828322,Active,A,Performance,95.22186833619305
1697.0,44.72905010337283,NiMH,Medium,71.71788512975527,22.0,0.5903709380487396,Active,D,Mixed,83.2739283620852
181.0,43.73944295435288,Li-ion,Superfast,30.32274705649882,14.0,,Passive,B,Urban,53.57615296084266
1681.0,39.007252291710145,Li-ion,Fast,94.31346084447281,5.0,1.1879839843894082,None,D,Urban,51.63887101577872
1668.0,31.035522726891067,Li-ion,Superfast,,59.0,4.959364188940588,None,A,Urban,75.03724151800068
1541.0,35.244737274622196,Li-Po,Superfast,76.54710702745291,17.0,4.413788742827354,None,A,Mixed,90.86326774576528
1243.0,36.84325171032278,Li-ion,Medium,96.37009439324348,18.0,3.23800576700548,None,D,Highway,69.98003933259744
1634.0,15.252045728347161,Li-ion,Medium,60.6919089292802,19.0,4.252395391738446,Active,D,Urban,94.2952719012219
994.0,18.07098662858869,Li-ion,Slow,60.60282069870844,7.0,2.617410653459133,None,A,Performance,75.590344853819
934.0,,Li-ion,Superfast,29.379953884676155,26.0,4.048188100080958,,E,Urban,51.367000620939145
1720.0,,Li-ion,Fast,51.222044513850335,25.0,3.40940098578718,Passive,A,Highway,100.6305831229602
1338.0,42.26716952320491,Li-Po,Slow,88.19719511052284,18.0,0.6289009158634518,Passive,B,Highway,75.45981175933775
1272.0,29.689881396752334,Li-ion,Slow,30.808520567915867,44.0,4.769409503987791,Passive,A,Highway,83.80707080409562
1356.0,22.73301226815365,Li-ion,Slow,93.40033044485259,15.0,,,C,Urban,60.36303921278896
1478.0,26.81463508792798,Li-Po,Medium,73.38475315093254,29.0,4.790333257669499,None,A,Performance,65.46119460093901
1620.0,40.52329231920008,Li-ion,Medium,53.67678680472308,46.0,3.7911467055236705,Active,E,Performance,75.18279383639324
1929.0,,Li-ion,Slow,63.719873482052584,42.0,2.3542741474772995,None,B,,94.52183854794467
1553.0,18.4870494143196,Li-ion,Medium,32.039728618936074,49.0,1.43143350478827,Passive,A,Mixed,55.30161969964618
1277.0,38.3388190186673,Lead-Acid,Medium,37.39866345101848,1.0,1.3099835640464106,,D,,90.5776640932269
520.0,32.34681354649591,Li-ion,Slow,42.912674165333826,4.0,1.1521231177449722,Active,B,Performance,80.12624088425326
1826.0,32.5650827299346,Li-ion,Fast,50.78768945395316,9.0,1.4927433918868298,Passive,B,Mixed,75.98259425706895
398.0,38.38356365687479,Li-ion,Fast,93.24175959943878,36.0,2.977862060063279,Passive,E,Mixed,95.58257126822417
1908.0,21.685340603578723,Li-ion,Medium,49.40552199721256,51.0,3.5768527847952845,Active,D,Performance,56.14224692287314
92.0,,Li-ion,Fast,61.90681923089768,58.0,1.9132545245732069,Passive,C,Mixed,101.51921548309811
,24.580578463524276,Li-Po,Fast,32.96209291342738,32.0,2.969361362785386,Active,A,Mixed,94.44093901422083
531.0,17.835370349295445,Li-ion,Medium,78.87785608416564,24.0,2.0356369675423256,Active,C,Urban,66.93832036681168
1450.0,18.152383366698118,Li-Po,Fast,64.82246792533613,57.0,3.6342948815329814,None,D,Mixed,73.48197558636281
127.0,19.09414411875452,Li-ion,Medium,55.192596638669755,37.0,4.94818799144113,Passive,B,Performance,51.30017210504048
1109.0,33.44699546714514,NiMH,Superfast,95.77491724465548,18.0,3.600576357722976,None,E,Urban,77.43545983529374
1456.0,18.1749059513193,Lead-Acid,Slow,91.25206753134694,15.0,0.76563759576944,None,E,Performance,78.4814177087234
865.0,32.10311527770521,Li-ion,Fast,72.76090178755979,20.0,2.6475573102529517,Active,B,Urban,98.18193803671176
1247.0,32.648911739317796,Li-ion,Slow,93.74499249252216,58.0,3.9667437168553885,Active,E,Performance,70.17213511942253
977.0,42.11689530365673,Li-Po,Slow,65.18254359464581,40.0,2.9400872281411203,None,C,Highway,79.67213358589862
696.0,33.79129788976543,Li-ion,Medium,86.15497213722135,2.0,,Active,B,Urban,88.51210191218374
1403.0,44.567635226445034,Li-ion,Fast,52.756813134814905,25.0,,Passive,A,Urban,81.64285478230923
701.0,15.929777398225045,Lead-Acid,Fast,26.93953530783581,13.0,1.8101999448305512,,A,Urban,58.12104167555383
1128.0,,Li-ion,Superfast,99.53188716232876,27.0,1.4932314843790486,None,D,Performance,58.93439351613935
813.0,15.794402341591299,Li-ion,Fast,33.2505216661258,13.0,3.954299907936149,Passive,B,Highway,57.19365409395918
328.0,36.88132733624111,Li-Po,Fast,40.12080314071915,28.0,2.85706880817803,None,,Urban,61.32190600061682
508.0,,Li-ion,Medium,33.04827115398716,46.0,,Passive,,Highway,67.07314822013444
741.0,33.33923296177768,,Slow,46.99836143829961,15.0,1.785169685576426,Active,B,Mixed,88.4627047545548
574.0,24.28614216265013,Li-ion,Superfast,43.1424106981071,29.0,2.8519669534836867,Passive,C,Urban,53.16814212394923
1789.0,19.77315117457947,Li-ion,Fast,68.08817988393879,21.0,4.982580415641421,Active,,Mixed,92.66313792104256
1528.0,36.70537554267847,NiMH,Fast,99.71680115354276,44.0,2.139315608369173,None,C,Urban,
1894.0,42.138611408102605,NiMH,Superfast,,31.0,1.2057174380286289,Passive,B,Highway,81.89803198576283
1648.0,20.50747331100105,Li-ion,Medium,82.27544906346577,23.0,2.7367993660624608,Active,B,Mixed,78.74395447388417
541.0,,Li-Po,Fast,30.239353952518925,37.0,1.895838697548796,Active,B,Performance,58.009156296040864
123.0,19.205463276136314,Li-ion,Fast,21.586801970577252,3.0,3.0468507072284665,None,B,Urban,64.93945275802025
1528.0,37.06985647648594,Li-ion,Superfast,71.0861456092556,50.0,2.600196362533517,None,D,Urban,65.38788832211748
868.0,43.783354745370175,Li-ion,Slow,89.86521830954939,35.0,3.6027046477063527,Passive,E,Highway,82.43917806353178
204.0,19.42112645268713,Li-ion,Fast,34.103880531871624,14.0,4.614308189903824,Passive,B,Performance,91.00202577621383
568.0,28.052701402660603,Li-ion,Fast,47.32910277135579,2.0,1.4023145784593796,Passive,D,Urban,101.80700776104534
424.0,25.123724470751984,Li-ion,Slow,33.500016337846176,50.0,4.195310316657792,Active,,Mixed,54.98665616173818
1379.0,26.654332505522945,Li-ion,Fast,92.52060554423336,13.0,4.771695719968409,None,E,,98.81067311434754
1993.0,37.594192173953296,Li-ion,Slow,,2.0,2.1812435668308296,Passive,E,Performance,79.199356767202
392.0,34.835667976666784,Lead-Acid,Medium,55.5770313124882,12.0,1.0114821526851445,,,Highway,68.551926309557
714.0,44.06060893388458,Lead-Acid,Slow,91.57930210264627,27.0,4.198600268523013,Active,D,Mixed,64.79788838507187
93.0,20.564385100692668,,Slow,64.22953630101375,34.0,3.654931142472075,Passive,E,Mixed,60.870106435483756
597.0,31.297826079776403,Li-ion,Fast,94.62798406149646,40.0,1.4572049217532328,Active,A,Urban,
1514.0,28.473784362570804,Li-ion,Fast,94.11603317176312,5.0,2.5035061693214757,Active,B,Urban,99.19288055860042
1170.0,42.565683267772485,Li-ion,Superfast,56.92808159149767,25.0,3.1009649292044945,None,E,Performance,59.47210701957704
214.0,,Li-ion,Fast,66.59060901866965,11.0,1.264343389931409,Active,D,Performance,72.68068654240084
795.0,44.67511202301283,Li-ion,,38.42514189703495,13.0,3.717107719833019,None,D,Highway,60.6001027833502
1176.0,29.392029431175864,Li-ion,Slow,99.24286550409306,28.0,3.6044723362746045,Active,D,Performance,59.13277964326132
485.0,33.76618941700792,Li-ion,Medium,42.26533283294359,21.0,4.492069756302328,None,C,Highway,95.07057650226479
1454.0,25.801576674171464,Li-Po,Fast,82.6645590384761,49.0,3.052728339926878,Active,B,Highway,63.62205229541812
496.0,40.575800090864966,Li-ion,Slow,45.03752481241808,56.0,3.084408638130366,Passive,A,Mixed,
1080.0,31.85963835355148,Li-ion,,45.0433809671828,48.0,3.287243101861857,None,D,Mixed,97.30919910833535
1167.0,34.884328087492946,Li-ion,Superfast,28.309034136075688,51.0,1.7320246762185796,None,B,Performance,70.07409481511436
493.0,34.46714124182029,Li-ion,Medium,64.79166486372638,26.0,3.913726330751013,Active,D,Performance,50.45326719572511
528.0,25.919464196931976,Li-ion,Medium,39.58658705025674,27.0,,Passive,D,Mixed,87.50165387554412
1706.0,17.279729874198473,Li-ion,Medium,31.871580620609503,26.0,4.276155314574099,Passive,A,Performance,76.88462430768135
1950.0,39.2311867828215,Li-Po,Slow,38.13333556133868,15.0,3.9586370223767178,None,B,Mixed,90.25483256745179
1567.0,23.691477575529525,Li-ion,Fast,40.08745256512239,50.0,3.3735750372682807,Passive,D,Urban,79.6553173446338
86.0,40.46790685433113,Li-ion,Slow,,6.0,1.2240146790931954,Passive,,Performance,68.2658946557886
1606.0,33.25929026372479,Li-ion,Superfast,50.87384292444498,4.0,4.636162954439735,Active,D,Highway,53.46134306866688
,25.61111874292434,Li-ion,Superfast,26.03922248175681,4.0,2.152454816224168,Passive,B,,
863.0,32.827414469208684,Li-ion,Fast,62.88228663166889,30.0,4.839343558325431,Passive,E,Urban,60.76840203471237
1094.0,34.364780770843126,Li-ion,Medium,83.01979612710117,13.0,2.3084186090024623,Passive,D,Performance,100.51009523431097
,36.20050223276017,Li-ion,Superfast,65.93881287151962,9.0,1.1567223170742686,Passive,C,Mixed,62.783433259027404
517.0,39.67014403521214,Li-Po,Medium,97.96322018014166,42.0,4.481778863748506,Active,C,Highway,93.00585125877998
403.0,,Li-ion,Slow,27.93201665155771,14.0,4.077764330579173,Active,D,Mixed,91.01490670252775
121.0,43.3243315430585,Li-ion,Medium,85.69218694064875,28.0,,Passive,B,Performance,74.06285094477813
1425.0,,Li-ion,Slow,60.455413591786645,40.0,0.9023483782900317,Active,D,Mixed,70.88860099139453
1125.0,40.81350895129132,Li-ion,Fast,61.727614203618245,3.0,4.456759248733852,None,C,,86.56950414589065
1295.0,21.614387861033556,Li-ion,Medium,61.527994771963876,41.0,3.183802867232875,Active,D,Performance,77.48473060353814
1073.0,15.870869166141443,Li-ion,Fast,46.02550623261108,29.0,2.6166008132282914,Active,C,,82.86182415343099
1870.0,,Li-Po,Medium,45.9644011392202,33.0,4.609272296359124,Active,E,Performance,74.45120387124933
1398.0,24.73998837217317,Li-ion,Superfast,70.54756053139806,15.0,3.4971860861687314,None,D,Highway,78.97204059197303
1039.0,44.53386014843848,Li-ion,Fast,23.581206830649315,47.0,1.0986387073384367,None,A,Urban,59.835802098462935
509.0,18.133603641461487,,Medium,67.10288362414428,39.0,2.8379172922551668,,D,Mixed,52.880610492554815
1240.0,16.419085980105653,Li-Po,Fast,77.96725745687324,15.0,3.3647746498140325,Active,C,Performance,68.5080332715977
1356.0,16.350534556594,Li-ion,,48.50610347803344,7.0,4.543478139792354,None,B,Mixed,74.22482138711
550.0,21.506210856713835,Li-ion,Slow,37.388555156770664,45.0,1.7595234575370506,,C,Mixed,97.11353954114054
766.0,32.37573349096015,Li-ion,Fast,37.07095301783235,12.0,4.074052485413368,Active,E,Highway,71.52485472552789
416.0,30.16690120934075,Li-ion,Superfast,,50.0,4.099158067256358,Passive,B,Mixed,72.56377518079286
1723.0,25.502274145006844,Li-ion,Fast,27.177545536512664,39.0,1.0762226817065632,Active,A,Mixed,85.09123328915447
1109.0,,Li-ion,Slow,33.335029455567415,7.0,0.5775493224014282,Active,A,Mixed,60.75288193819564
656.0,22.012112843829563,Li-ion,Slow,21.53383240424697,47.0,3.116343631543054,Active,E,Performance,95.32525963822309
577.0,20.524411943541505,Li-Po,Superfast,41.29883260193474,41.0,4.052654988309436,Passive,E,Mixed,72.23733098263321
1048.0,37.370005114681454,Li-ion,Slow,44.51214633983681,6.0,2.9949387094728372,Active,E,Urban,98.40092350933097
798.0,38.39839149003942,Li-ion,Superfast,99.61770026849047,26.0,,Active,E,Highway,
1749.0,38.31042039185459,Li-ion,Medium,99.33501901249004,59.0,3.3003641321038133,Passive,D,Urban,74.21080421092685
651.0,44.071216332424456,Li-ion,Slow,34.96390774696678,58.0,3.4398156275253515,Active,,Highway,90.4643816977262
669.0,41.52713839002096,Li-ion,,37.04257264775396,9.0,0.6266949159313651,Active,D,Mixed,78.90819342273275
1669.0,29.934142415355147,Li-Po,Medium,59.3525096448346,51.0,0.8986919131374175,,B,Highway,84.38476574733792
,27.448080627274955,Li-ion,Slow,31.902746699016813,24.0,3.7626332797214364,Passive,,Performance,64.59620776416341
979.0,42.473055531283855,Li-Po,Superfast,60.32315265265534,52.0,3.9327947706933006,Active,A,Performance,67.07987799751879
726.0,33.3367575614444,Li-ion,Superfast,51.95117638440594,30.0,2.9398009012894666,Passive,B,Urban,76.39590141943246
1273.0,23.831960010767858,Li-Po,Superfast,45.96983128398979,16.0,3.1557430735296554,Passive,A,Performance,60.52895185625649
885.0,31.93392083145502,Li-ion,Slow,85.80841366478202,48.0,3.264646279302849,None,E,Mixed,56.56792091145445
1900.0,44.76448268088379,Li-ion,Medium,86.24941599944461,27.0,0.9724609348427724,Active,,,93.8777247606622
718.0,40.48410180457087,Li-ion,Fast,99.03115735869812,33.0,3.5055887191291855,Active,E,Urban,90.29242603021515
1104.0,23.438391481786248,Li-ion,Fast,37.84704912652658,,2.6531148954292267,None,B,Urban,98.46696131638268
1651.0,43.58863277751651,Li-ion,Slow,91.06219977149969,45.0,3.2113533950927557,None,C,Performance,80.50069396752697
650.0,44.443863344373476,Li-ion,Fast,63.02767437391448,19.0,3.0341382296473514,,B,Highway,71.8537949268991
535.0,21.935008782462457,,Medium,67.31675450658815,36.0,3.933501118043175,Active,,Performance,55.35709283292033
308.0,41.86776355504024,Li-Po,Fast,91.7034571466021,19.0,,None,A,Urban,94.22430820724516
302.0,41.49608153096496,Li-Po,Superfast,95.4104637102656,22.0,2.180868102803534,Active,A,Highway,73.72547818253344
543.0,16.192607197021218,Li-ion,Medium,78.14490061605099,42.0,2.262228379360608,Active,A,Urban,79.17895917653397
1307.0,35.090675791850614,Li-Po,Slow,47.82739455480991,45.0,3.931052446283056,Active,C,Urban,66.30321320041507
1180.0,24.158421390935082,Li-ion,Slow,59.173439173480425,33.0,,None,A,Highway,77.24139284711464
1654.0,35.23837879475627,Li-ion,Superfast,69.20430912432879,45.0,1.2968364726502462,None,B,Highway,90.65112012935707
839.0,42.40676082570731,,Fast,86.29120311888775,10.0,4.923684366876629,,C,Urban,87.03750705780467
385.0,29.96337743968555,,Slow,72.63581643020444,47.0,2.7202183878404647,Passive,E,Urban,101.42397738780546
1786.0,27.432384923659583,Li-ion,Slow,49.23580933500985,32.0,0.9916163742022837,,C,Performance,75.77374639658782
102.0,42.645938135622515,Li-ion,Medium,53.43043610882355,15.0,3.516237301967161,Active,B,Performance,77.54438612431981
1826.0,44.22344753215598,Li-ion,Medium,24.035016163141982,39.0,3.8262306088781766,Passive,B,Performance,52.74175310156495
,16.86708983381408,Li-Po,Medium,93.94142883497088,58.0,,Passive,B,Mixed,70.24790590429681
736.0,42.685442074446215,NiMH,Medium,,46.0,3.4090574822479462,Passive,A,Urban,97.94942479806495
1115.0,17.483056005656664,Li-ion,Slow,66.39446325484357,8.0,1.2770368901722848,Active,E,Performance,68.22476264974338
1333.0,25.11858640150769,Li-ion,Medium,89.73215049910574,51.0,2.1556507337617052,Active,E,Urban,89.83781537583548
1442.0,37.87722367290981,Li-Po,Superfast,53.66921996120057,25.0,1.2282287151722728,Passive,D,Mixed,100.83516953942029
259.0,38.311109458190856,Li-ion,Superfast,84.01003900090971,18.0,2.2425586536416375,None,B,Performance,56.59612794380092
1539.0,,NiMH,,84.3052863709036,15.0,3.032602349841136,Passive,A,Performance,67.36763899094505
1115.0,16.17337464183205,Li-Po,Medium,24.787683086899754,58.0,2.49142733231861,None,C,Urban,74.66745799963496
1062.0,18.9889814407228,Li-ion,Fast,52.97149805845773,59.0,3.1694667833108325,None,A,Urban,62.34349948823441
1426.0,43.08649494659245,Li-ion,Medium,75.28203893496348,26.0,2.757916280158483,Active,B,,50.64669106459789
731.0,17.443841651876724,Lead-Acid,Slow,53.78828072551063,41.0,1.9301646803079036,None,A,Highway,74.36741543353374
943.0,17.3563775091935,Lead-Acid,Superfast,63.613379854348494,44.0,1.1453719915445546,None,B,Performance,77.90404117453087
1332.0,40.069378132736105,Li-ion,Superfast,67.55663236853121,21.0,1.6370278763957473,Passive,C,Highway,82.52259151415089
386.0,34.23797259668659,Li-ion,Slow,32.0983501384994,22.0,1.4032096335256994,Passive,C,Performance,93.0151850527779
765.0,25.549681675355387,Li-ion,Medium,52.958496491882386,46.0,3.683400321608197,None,E,Urban,63.15821250330631
1468.0,19.97131461214879,Li-ion,Fast,22.27705773468527,34.0,4.189850799855714,Passive,D,Highway,53.17387556712275
898.0,41.525112596784446,NiMH,Superfast,31.970086655627554,37.0,3.7417487238474156,Passive,A,Performance,54.67141368846646
724.0,44.65613272885537,Li-Po,Fast,60.98032507011989,54.0,3.3968036614782124,Passive,D,Urban,
154.0,16.499151853284875,Li-ion,Superfast,65.88687983510482,,1.8853310921619633,Passive,,Performance,97.95629691074885
,31.623401462706052,Li-ion,Fast,31.698752527332985,14.0,3.699435015979301,None,E,Mixed,101.0749625033597
752.0,22.83910754717445,Li-Po,Superfast,80.44954161699364,4.0,3.2228755699511584,None,E,Highway,60.66266717465351
1197.0,39.971605006491124,Li-ion,Fast,49.83903102967942,24.0,0.7110201500943155,None,C,Mixed,57.90230424711536
,25.38219275324417,Li-ion,Medium,93.65199430621375,2.0,,None,C,Urban,68.38053410420576
1172.0,36.438878675590196,Li-ion,Medium,51.01301786443252,1.0,0.8597922849573767,,C,Performance,74.12226272523128
,31.18570264578831,Li-ion,Slow,,2.0,2.7621855687147745,Active,A,,92.0193947152735
849.0,31.245701447849108,,Slow,80.63763669446061,13.0,2.8088111872357913,Passive,D,Urban,90.27955470993828
1340.0,40.73998293541264,Li-Po,,65.42406403514632,27.0,,Active,D,Mixed,97.97863687954481
1116.0,29.112132777736925,Li-ion,Fast,50.93505345953246,52.0,4.608803754690649,None,C,Performance,94.62123841366693
1880.0,40.36798602433442,Li-ion,Superfast,48.47657307458093,17.0,4.7285410617940675,Passive,E,Mixed,72.8172087290309
702.0,25.902804841127264,Li-ion,Slow,32.06151788458168,57.0,3.0635246006554016,None,D,Mixed,50.98918732408261
1342.0,20.243488273929152,Li-ion,Slow,47.26677019728092,45.0,3.5556900359522157,Active,E,Mixed,62.30265670001445
600.0,28.664321329698453,Li-Po,Superfast,22.347531278266803,17.0,0.8983393808565336,None,C,Highway,81.7228305681903
991.0,29.950673441310666,Li-ion,Fast,60.19215312606168,5.0,2.6956220487981,Passive,A,Mixed,76.07770748928243
723.0,29.351495929133744,NiMH,Slow,91.73789934509887,24.0,4.54035516909028,None,B,Highway,62.488332165204206
1268.0,39.249912356378466,Li-ion,Fast,83.62646369722617,57.0,,None,D,Mixed,56.843160029916575
977.0,31.940368243802915,Li-ion,Medium,22.281695776337145,57.0,0.8131727094504377,Passive,C,Mixed,61.23263094032187
373.0,41.65332215276409,Li-ion,Fast,90.5008261014586,8.0,1.4028851408740413,Active,C,Highway,
665.0,30.425564847478263,Li-ion,Medium,56.185986310604264,54.0,2.432781150959726,Active,D,Performance,95.09911431856936
806.0,21.741452486460126,Li-ion,Medium,35.27131723323955,54.0,1.5688773720907359,Passive,B,Performance,86.93362083395886
1138.0,18.88487520788258,Li-ion,Superfast,80.19295641723099,44.0,,Passive,A,Urban,78.72128782121555
250.0,41.05088462833863,Li-ion,Superfast,45.82988401416371,9.0,1.9983284390122655,Active,,Urban,51.0889331323159
1954.0,16.68518396706635,Lead-Acid,Medium,40.265473850948226,18.0,1.9351807376717844,Passive,A,Performance,92.70221088267178
291.0,18.528288357592867,Li-ion,Superfast,32.90547254252381,16.0,0.9102407439057592,Active,C,Urban,78.72810885290605
1080.0,16.90975556752923,Li-ion,Slow,58.929752552017824,51.0,4.472216109889638,None,D,Performance,82.62170264191016
1292.0,,Li-ion,Slow,27.471519963955622,32.0,3.6171781405943593,Active,A,Urban,53.4136274927945
52.0,30.978468491807803,Li-ion,Fast,82.84905032910292,,3.305218588111061,Passive,E,Performance,92.37220252747994
903.0,15.596241930678023,Li-ion,Medium,57.65396613331288,40.0,3.229112336429331,None,E,Highway,93.2654617559106
1537.0,30.46758500674813,Li-ion,Fast,55.758113345513614,39.0,2.284260011215965,Passive,E,Urban,95.93378445658115
1017.0,26.812784138718783,Li-ion,Medium,20.14831651852168,56.0,4.204918889831749,Active,,,77.46065363609615
1014.0,38.20935547367694,Li-ion,Medium,85.4291088246849,53.0,4.685179972675724,None,E,Highway,70.49031347311195
354.0,39.8986986523867,Li-ion,Fast,59.426964723060294,41.0,0.5252776204794851,Active,C,Highway,53.798409260992784
363.0,35.549023091586164,,Fast,55.19156158410783,54.0,0.8563931457710333,None,A,Highway,60.08202328863239
527.0,29.20486605949872,Li-Po,Fast,,44.0,3.5373902781482562,Passive,C,Highway,61.72958230334641
845.0,21.484457851259645,Li-Po,Fast,25.03188392806087,46.0,1.5623002522538247,Active,B,Mixed,53.259878139014766
932.0,40.4134460190768,Li-Po,Slow,49.3344364876163,32.0,4.602672494464469,None,A,Highway,58.027508954121544
1484.0,25.250074201332506,Li-ion,,,42.0,3.503358793023147,None,E,Urban,96.11378319028859
547.0,25.688756615848476,Lead-Acid,Superfast,56.84620501913501,48.0,2.157310648214209,None,,Highway,78.36093338124738
1607.0,42.48034641561134,,Medium,34.53111119023795,2.0,2.368770812507436,Active,B,Urban,89.75354681900744
,44.26791766793739,,Slow,43.942120614424944,38.0,3.608971273609511,Passive,D,Highway,64.30123916421104
1430.0,41.94392869153512,Li-ion,Medium,44.01604461181064,43.0,,Passive,B,Urban,56.99910285586212
120.0,44.94704170683244,Li-ion,Slow,99.35766422121816,4.0,4.4753534611097425,None,E,Highway,
1955.0,41.06726531704432,Li-Po,Medium,46.0957695045319,5.0,0.5214726429358,Passive,E,Performance,91.23522989927675
1807.0,36.130725528602454,Li-Po,Slow,36.41456500338392,37.0,4.905261289867398,Active,,Mixed,65.46122799417638
1086.0,,Li-ion,Superfast,85.81097224833171,49.0,1.2544046616339242,Passive,B,Urban,60.635814393097675
455.0,43.58871146699629,Li-ion,Superfast,53.69370040028869,58.0,3.839501113762471,Passive,C,Urban,51.16464967063753
1590.0,41.29880494841261,Li-ion,,55.50909555896406,37.0,0.6796611816942224,Active,B,Highway,82.4485821739236
1095.0,22.222403772469598,Li-ion,Superfast,63.91112507965899,26.0,2.441430045693917,,C,Urban,72.662731966356
944.0,29.67487419725481,Li-Po,Slow,,43.0,3.3364115704136186,Passive,E,Highway,63.455353004690785
1382.0,17.101669818766503,Li-ion,Medium,67.24444803282717,9.0,0.816023559168878,Passive,E,Mixed,
1368.0,43.59926589801651,Li-ion,Superfast,22.759977792883515,15.0,,Passive,B,Performance,86.43244794406903
1622.0,32.18304983164368,Li-Po,,85.50739463183622,24.0,1.8641138139960012,None,E,Performance,62.86827431846047
80.0,22.356016377844963,Li-ion,Medium,35.58822552598704,24.0,2.7420962538523677,Active,D,Mixed,81.65607218249777
1135.0,23.77197940871627,Li-ion,Medium,43.38737022270887,35.0,2.7705944118611665,None,A,Highway,63.52794875041015
1294.0,44.41969117889579,Li-Po,Fast,33.87436160165404,48.0,4.033542226290389,None,C,Highway,101.30636512999973
1432.0,,Li-ion,Medium,81.36613260287021,,1.0557703780020395,None,E,Mixed,88.0842940835764
1666.0,27.620493723192112,Li-ion,,66.69263941003356,25.0,0.872238204713599,None,C,Urban,81.33822355587859
1456.0,29.995363853566143,,Medium,80.4236922201641,26.0,2.3085060495745586,Passive,B,Urban,58.96119996461846
1818.0,17.956502171320302,Li-Po,Fast,72.27187243434403,23.0,4.493839637194396,Active,D,Urban,80.49248226491736
1591.0,17.25068280218628,Li-Po,Medium,28.33269075355215,6.0,4.348712838524419,Passive,,Mixed,91.62371606413618
1690.0,32.78123229901155,Li-ion,Slow,44.119982068080425,41.0,3.0199680917663403,Active,E,Performance,88.32958375064425
1410.0,30.360121093209493,Li-ion,Superfast,60.581212767209706,27.0,4.499482185369982,None,A,Performance,90.45731029846422
211.0,25.774595739103233,Li-Po,Slow,44.39560251450909,54.0,4.124046188969203,Active,D,,66.5255789439954
1928.0,31.983418575340934,Li-ion,Fast,36.58431235248932,19.0,1.7507275704187222,Active,B,Highway,67.06970560321307
,17.180278483115167,Li-ion,Fast,89.58495752532798,31.0,1.2654782620062355,Active,E,Mixed,78.02196597287842
207.0,43.319735142946385,Li-ion,Fast,79.82269401723008,38.0,1.8552042543951766,Active,D,,64.49021808674215
62.0,23.811350633526658,Li-ion,Fast,47.61760484433413,43.0,1.5220304529746647,Passive,E,Performance,55.876682832268614
1259.0,17.153363720159966,Li-ion,Fast,81.20098901031187,32.0,3.302234566964137,None,B,Performance,73.97833798760884
783.0,20.085128177223122,Li-ion,Superfast,70.20308947561824,2.0,3.1320460074859255,Passive,B,Performance,50.10005719791935
802.0,17.864217434475506,Li-ion,Medium,20.30285869059174,18.0,3.192968225537518,None,A,Highway,89.559431534465
358.0,20.358135130790437,Lead-Acid,,50.42096208093079,28.0,1.3518659142115197,Passive,D,Highway,88.98371980201536
197.0,27.502621644798356,Li-ion,Slow,43.23899993554644,7.0,4.063382263743975,Passive,A,Urban,78.69962584853558
1975.0,,Li-ion,,37.43268973647175,56.0,2.4513173759418407,Passive,A,Performance,88.87618770549076
1070.0,23.170450423651193,Li-ion,Fast,40.12715152566759,23.0,2.626033641649398,Active,,Performance,82.4754695030449
1128.0,28.077798658249314,,Medium,,53.0,4.986328307950578,Active,C,Performance,86.26767625632965
976.0,42.86271863664709,NiMH,Fast,58.905365439322985,36.0,1.7702230368323666,Active,B,Highway,53.36210337620177
620.0,23.87465217977926,Li-Po,Superfast,87.81669745792956,24.0,2.2736210184846986,Active,A,Urban,95.825803844398
,38.84159259794129,Li-Po,Slow,37.1373721722386,28.0,3.5440844355683927,Passive,C,Mixed,83.48442555108258
1783.0,19.734506174470994,Li-Po,Slow,33.95230397167587,25.0,4.461858590856086,Passive,C,Highway,81.75280239186243
1683.0,20.349652387717427,NiMH,Superfast,91.10316706511279,,1.0705145300781402,None,C,Performance,70.13653010531607
717.0,28.684586204287967,Li-ion,Superfast,59.65637486259743,49.0,3.8077061289222374,Active,A,Urban,51.46304144908562
1835.0,22.02306751399159,Li-ion,Fast,91.61217002499303,,4.632262366979978,Active,C,Urban,96.87601015941756
1982.0,42.090842213827806,Li-ion,Medium,25.042308229701995,45.0,2.403160760420911,Active,A,,101.25459179910777
741.0,16.522568733704333,Li-ion,Fast,93.31484177410462,52.0,1.7902711532008289,Active,D,Performance,92.00490547084266
559.0,32.91817698431519,Li-ion,Fast,53.235625307377845,,3.5498171604872177,Active,B,Highway,97.5820365079783
635.0,33.1268818844856,Li-ion,,32.42963899374782,19.0,1.6073314305723119,Active,E,Highway,
1646.0,16.98077782558343,Li-ion,Fast,74.67061515481552,4.0,2.2293038594627874,Passive,A,Highway,56.69111072825425
986.0,36.97692644612674,Li-ion,Medium,83.75221466354056,57.0,4.536110183404112,Active,B,Performance,95.7395241219496
94.0,29.066926335365878,Li-ion,Fast,23.789978206512032,13.0,3.156496486661198,Active,A,Performance,52.99030803598198
1720.0,36.69220120484425,Li-ion,Slow,98.9756779534949,1.0,0.9273976996992993,Passive,D,Performance,54.84658325584807
1795.0,39.807749578052096,Li-Po,Medium,75.76215098529443,34.0,1.9836388915086691,None,B,Highway,92.47606500878396
135.0,24.686980559720816,Li-ion,Medium,,7.0,3.3226932430281924,Passive,B,Performance,
1855.0,29.53457648806463,Lead-Acid,,32.10350365563124,25.0,2.66673936719605,Active,C,Performance,70.36980781802059
1365.0,22.82282339304034,Li-Po,Slow,51.40251317425718,23.0,3.471526925382158,Passive,A,Performance,78.77931859975943
313.0,21.04540390567005,Li-ion,Fast,37.64525284469006,30.0,3.9264863795615326,Active,A,Mixed,95.6948800999674
1341.0,15.017842741279722,Li-ion,Slow,59.53225788784766,49.0,2.6627680409211862,Passive,E,Mixed,89.3708800315128
1057.0,43.908945362395116,Li-ion,Superfast,82.55141667922621,7.0,4.941282588358723,None,C,Performance,85.9635817405296
1298.0,28.227854079889447,Li-Po,Slow,72.81043111604427,54.0,4.6160324405325515,Active,C,,100.79805067984714
265.0,15.392093191766222,Li-ion,Superfast,54.87479238253832,45.0,0.7695833273089534,Passive,E,Highway,77.1079517919736
1947.0,15.268157327041445,Li-ion,Slow,29.515513966403965,17.0,1.6989401198759824,Passive,C,Urban,50.32885187161299
280.0,23.65057705653585,,Superfast,96.57255378944056,33.0,1.8524458053940283,Passive,C,Performance,72.30970961650652
1775.0,15.418130361303552,Li-ion,Superfast,41.62964203603893,2.0,1.3293066050150477,Active,D,Highway,55.021740990129
703.0,26.23543852975645,NiMH,Slow,42.22676367000139,38.0,1.904074263727161,Passive,B,Highway,56.055596761372705
1250.0,,Li-ion,Medium,71.64017774708259,44.0,2.411692848209571,Active,E,Urban,63.25484742612324
1636.0,16.177547734509293,Li-ion,Medium,81.64076977176822,13.0,0.7319794054660599,Active,D,Highway,69.83109444150531
751.0,35.0814418222365,Li-ion,Superfast,98.73222122538796,52.0,1.0728510625958652,None,D,Urban,
1590.0,42.20523868328654,Li-Po,Medium,97.5331408502245,52.0,0.9331064545706771,None,D,Performance,58.83064341093065
1796.0,27.28159749906838,Li-Po,Slow,93.10084193856645,32.0,0.7084262261599277,Passive,C,Mixed,66.20945971824273
756.0,40.10311290827798,Li-ion,Superfast,54.82508539066799,22.0,2.666736591357283,Active,E,,64.38005001124934
562.0,,,Fast,33.33357278051585,9.0,2.0021138745176525,Passive,C,Performance,68.99286749756297
1177.0,38.33070167910547,Li-ion,,66.75769626293021,17.0,4.709512533423701,Active,C,Performance,55.615508845033006
,16.883999769686728,Li-ion,Fast,21.380520443741446,18.0,0.9624224094878201,Active,D,Mixed,70.66172973980798
1174.0,40.15318269592055,NiMH,,35.699907119631476,40.0,4.667159010810525,Passive,A,,78.82622533764366
1713.0,41.47099034616192,Li-ion,Superfast,20.20235174358117,40.0,0.8894552782975664,Active,E,Urban,55.041302401639015
1938.0,38.57921527146943,Li-ion,Fast,34.4428730057231,27.0,,Passive,E,Urban,77.08005186594946
354.0,39.62247073233867,,Medium,57.98056987170049,11.0,1.6147865181934415,Active,D,Highway,
1834.0,,Li-ion,Fast,51.46594488747327,54.0,4.2206254092224365,Passive,D,Mixed,50.42846380254887
1986.0,22.946548277479557,Li-ion,Medium,49.543725194131135,54.0,0.7766367216798644,Passive,B,Urban,52.47146738412645
400.0,34.296930079828996,Li-ion,Superfast,86.476229114709,28.0,4.786286700963314,None,D,Urban,74.25666309693528
852.0,28.18624947229084,Li-ion,,73.99970437165423,8.0,0.7126574014980507,None,,Highway,95.38443287067976
500.0,15.16009682757138,Li-Po,Fast,94.91454102968848,50.0,1.5850097073560023,Active,D,Performance,101.88501306449336
1342.0,29.30477119304505,Li-ion,Medium,55.6272872542138,18.0,2.588831267303255,Passive,E,Mixed,54.85647850128032
1445.0,34.535637736516364,Li-ion,Medium,41.778374038076144,13.0,3.9022604895479693,Passive,A,Performance,
982.0,,Li-ion,Superfast,29.814763042668446,33.0,4.780007228945161,Passive,A,Performance,61.896035949135026
1111.0,33.64081008324473,Li-ion,Superfast,73.76219165481169,15.0,2.426190940824692,Passive,C,Highway,74.30845254113098
,34.57595718650569,Li-ion,Fast,87.33928707773256,22.0,3.9078954221804274,Passive,A,Urban,79.73338741128207
951.0,,Li-ion,Slow,,38.0,3.7722314950035742,Active,D,Highway,100.6212154146823
811.0,27.932225554695286,Li-ion,Fast,90.30021956100289,30.0,3.0702600288090793,None,A,Performance,96.20011198511912
782.0,43.92997802667398,Li-ion,Fast,62.102096135626645,6.0,3.6091362924536883,Passive,D,Highway,79.22913225903997
112.0,41.52567683399347,Li-ion,Superfast,31.52645057127615,45.0,0.6713000737978005,Passive,B,Mixed,68.80911985835861
1838.0,27.324642685747584,Li-ion,Superfast,71.4290659921404,59.0,2.4870983040388106,Passive,E,Performance,66.7074501670763
554.0,25.495388040724666,Li-Po,Fast,61.60421932297708,34.0,4.0363731232701365,Active,C,Performance,79.77648295408747
994.0,18.72242042930568,,Medium,22.254683785018585,55.0,2.633995152512289,None,B,Mixed,87.5103477449236
314.0,16.055672536204792,Li-ion,Superfast,51.93945637812994,19.0,,None,,Highway,75.04662281746491
1749.0,23.92388332326236,Li-ion,Fast,,49.0,4.251370444541196,Passive,C,Highway,65.82873654390912
584.0,43.20850041246715,Li-ion,Slow,64.43390027376857,33.0,4.385507135775645,,D,Highway,81.8845986128598
1152.0,43.75840354001002,Li-Po,Fast,42.563290101002444,14.0,1.0849850853268974,None,B,Urban,
1703.0,39.37558021728829,Li-ion,Slow,94.29134107060398,,1.5986350605473172,None,E,Performance,72.22315378264837
1258.0,25.524744405595783,Li-ion,,39.02232304350879,47.0,,Active,E,Mixed,88.91450098875873
995.0,19.308792986463335,Li-ion,Slow,40.218880554609285,41.0,4.922603270883748,None,B,Performance,64.67549922432372
544.0,32.86600426817038,Li-ion,Fast,48.37114770242104,19.0,1.562621627375429,Active,B,Urban,75.21610008161281
1644.0,34.39515021618544,Li-ion,Superfast,91.56302890049028,40.0,2.15192000517009,None,B,,98.8976553383437
1443.0,27.737207077368122,Li-ion,Medium,60.610031634041306,15.0,1.7371690125279629,Active,A,Mixed,87.58709174311639
952.0,35.74940386675921,,Medium,74.57432473806631,10.0,0.679071302804378,Passive,E,Mixed,70.17453842159352
,37.40045656955206,Li-ion,Fast,98.10113380082244,55.0,1.6756610432454881,None,E,Performance,78.40124209971115
813.0,38.4918499072434,Lead-Acid,Fast,82.66370375138916,2.0,0.9418804979346826,None,A,Urban,71.08505865331385
1674.0,30.06894334072522,Li-ion,Slow,33.808009492087464,50.0,2.274273888730631,None,C,Performance,55.85249687262127
1814.0,38.749223326792006,Li-ion,Superfast,83.06831432319812,52.0,4.85070853251549,Active,E,Urban,
904.0,15.764292788083704,Li-ion,Fast,79.86697193808152,2.0,3.64218067428718,None,C,Highway,94.74304302175207
380.0,35.41213100216609,Li-Po,Medium,38.60935955817805,21.0,3.681053554135466,None,C,Mixed,73.98250378036096
1513.0,22.069018711514396,Li-ion,Fast,46.02798647100927,12.0,2.539291699810649,Active,C,Performance,80.40115002521769
1311.0,23.115608750629598,Li-Po,Superfast,76.81025918904615,10.0,4.150868048102515,None,E,Mixed,59.43523148583701
953.0,17.73905119820197,Li-ion,Superfast,39.07144752542869,12.0,4.5872787511290145,None,D,Mixed,68.5240289324863
341.0,20.77176790779538,Li-ion,Fast,36.65494952020954,39.0,4.826975027377194,Active,C,Performance,98.31865921450465
475.0,44.76024699006008,Li-Po,Fast,76.27782177042648,2.0,0.9454560023588835,Active,D,Highway,66.34076576044112
344.0,27.46170391690426,Li-Po,Superfast,,57.0,4.45839803890915,Active,A,Mixed,63.029175381585375
882.0,42.83296196066057,Li-ion,Superfast,26.0013346097696,1.0,1.5128729760913737,None,D,Mixed,52.90679047795911
549.0,19.88698584578394,Li-ion,Slow,55.67261882064902,2.0,2.2877010589587528,Passive,D,Urban,55.056002554088536
1629.0,,Li-ion,Fast,68.57401762632063,23.0,2.0546473762041186,Active,B,Urban,80.40904558046711
894.0,31.734400614452138,Li-ion,Fast,74.10214286656543,28.0,3.538085180390577,None,C,Highway,84.32170553669313
1665.0,25.485976226372472,NiMH,Fast,99.69567298998632,53.0,,Passive,E,Performance,83.36218494584008
1759.0,34.31745625724388,Li-ion,Medium,74.61535682533766,17.0,0.990971936456162,Passive,B,Mixed,78.07112478915487
702.0,27.661397271612913,Li-ion,Slow,69.61232903977233,52.0,4.022701832815325,Active,D,Highway,75.53050747673556
1110.0,39.34791712396386,Li-ion,Superfast,99.17873218472015,40.0,2.4784043081067324,Active,A,Performance,53.75132771580522
1599.0,27.946772135132512,Li-ion,Slow,,21.0,0.5099982949834101,Active,E,Urban,93.71615722708901
683.0,32.17047547314792,Li-ion,Medium,25.95495169224786,44.0,2.3652647008737406,Active,A,Mixed,76.68019946140508
1470.0,24.632196000711865,Li-ion,,64.85460211392675,34.0,2.82349209086236,Active,D,Mixed,56.85956280449214
799.0,36.12122962315962,Li-ion,Medium,48.69316914796727,9.0,0.8099360834370317,None,A,Performance,57.06417169839015
,34.64202626897142,Li-Po,Slow,27.735801099764473,17.0,1.1801086673729069,None,B,Highway,76.67373912832821
1640.0,26.91003098322173,Li-ion,Slow,44.51591168742325,49.0,4.971074771708874,Active,A,Mixed,62.71798322525761
1997.0,23.280963083717896,Li-ion,Slow,73.94835899261153,42.0,4.420379309101185,None,,Mixed,97.94217896331521
1095.0,33.42313124460897,Li-ion,Fast,90.44919709493041,,1.099973387059915,Active,C,Urban,75.94534441369588
1413.0,43.29454947633023,Li-ion,,27.545958132524333,32.0,3.1113922986331537,Active,E,Highway,100.87776314688739
544.0,18.979290720798048,Li-ion,Slow,63.21160499872833,5.0,2.206594837478044,Passive,A,Urban,88.17625249669317
1476.0,,Lead-Acid,Fast,43.68924518371375,14.0,2.9468318391496386,Active,B,Performance,92.15634225801567
1276.0,31.28975318424272,Li-Po,Fast,73.3860930635045,46.0,2.6174083710532425,Passive,,Performance,70.22169563272732
975.0,30.766790855215774,Li-Po,Fast,63.95611955660055,,0.7166701626155811,None,D,Highway,56.96908054076238
999.0,43.850524427279375,Li-ion,Medium,94.13688048177436,25.0,1.9193913994585237,Active,B,Urban,85.86420920286966
1419.0,33.1762439270567,Li-Po,Slow,23.01471095599105,22.0,1.06484261912657,Passive,E,Performance,71.16770244456626
1088.0,39.91553483245554,Li-ion,Superfast,57.60298199521131,5.0,2.7003564153083643,Passive,C,Highway,99.34185613482435
1103.0,30.434317466270898,Li-ion,Slow,35.42076442805672,54.0,,None,C,Performance,60.06887659493265
1102.0,22.49560101765268,Li-ion,Slow,62.94253669313966,38.0,4.979897476562948,Passive,,Mixed,82.57817931563253
1837.0,35.834708143743285,Li-ion,Superfast,88.28634752534745,9.0,4.749138808171121,Active,A,Mixed,95.0351814465094
209.0,42.695307133320114,Li-ion,Fast,92.90532222288468,31.0,,Active,B,Highway,70.9471105712569
1702.0,40.236902868302266,Li-ion,Slow,51.85853305737615,41.0,0.5686084210115983,Passive,C,Performance,99.59071620308802
719.0,20.95090818720254,Li-ion,Fast,84.94244186126606,21.0,3.782511402998125,Active,E,Highway,53.98406232722866
669.0,,Li-ion,Fast,42.440645978040436,36.0,1.7282696457944131,Active,C,Highway,80.52013894507361
676.0,30.50642021921033,Li-ion,Fast,20.504395705534453,1.0,4.395280902211116,Passive,C,Highway,90.42410945939622
321.0,32.14809885708196,Lead-Acid,Superfast,88.41912460183751,22.0,4.161800707808191,,A,Mixed,60.493959574962346
469.0,20.81442343375585,Li-Po,Fast,29.55297939252917,23.0,2.4065355914732933,None,C,Highway,53.00858751060453
899.0,21.900370200454937,Li-ion,Slow,21.408889869035875,23.0,2.6296730379642086,Active,B,Mixed,54.15467581852719
538.0,37.76493207106309,Li-ion,Fast,48.30381306943589,15.0,1.6929125104664249,Passive,E,Mixed,
225.0,36.90952250144827,Li-ion,Medium,50.35039916999659,46.0,1.7996181629913588,Active,A,Performance,61.60492856242335
1304.0,40.17626443886673,Li-ion,,26.1776136617818,1.0,4.9152849051221805,Active,A,Highway,61.64228807366861
,42.987894218406936,,Medium,85.13461171875768,6.0,4.499837999015785,Passive,E,Performance,73.84309043220271
1391.0,24.24783356708075,Li-ion,Fast,52.44741841666667,40.0,1.3634103745173864,None,B,Mixed,54.41655652101884
811.0,,Li-Po,Slow,59.19388910156755,35.0,1.7398610503921983,Active,,Highway,101.766032725619
516.0,34.98035373828559,Li-Po,Slow,41.170021436226534,17.0,0.9889159687801701,None,C,Mixed,86.181996688493
,43.73311271675398,Li-ion,Fast,60.92054018772782,23.0,4.949918523408611,Active,B,Highway,51.57525457370343
1129.0,23.162224680702476,NiMH,Fast,81.3385112493867,20.0,4.582444327387464,Passive,D,Highway,85.97901686172662
1404.0,23.090145049185768,Li-ion,,92.49461724004135,28.0,2.9844409414432884,Passive,E,Urban,91.17504469281855
322.0,36.128803460781796,Li-ion,Fast,97.64236805881194,37.0,3.6180189677620653,None,B,Performance,59.91963653015715
751.0,42.85232322114829,Li-Po,Medium,54.13791396810912,18.0,3.865761228157945,,C,Urban,93.69439352526095
1094.0,,Li-ion,Superfast,,7.0,1.4171505235710122,Passive,E,Highway,81.8117805172653
214.0,36.81118673380068,Li-ion,Superfast,43.59645693781451,49.0,4.705998517990208,Active,E,Urban,92.68449803145043
1565.0,26.619275941721646,,Fast,20.558074822804812,47.0,2.8703422117472748,Active,C,,87.26807048950985
932.0,36.53302004105922,Li-Po,Fast,81.40936351181078,20.0,0.916031918751921,None,B,Highway,
1491.0,39.032867292924436,Li-ion,Superfast,34.274851883295895,24.0,2.286871735251511,Active,D,Highway,58.22853422281112
,37.598570393718134,NiMH,Superfast,24.196387049909028,16.0,3.207409502794551,,E,Highway,66.4214383417663
,35.304323948583686,Li-ion,Superfast,,13.0,2.0877043616001645,None,E,Urban,77.20876113686862
1041.0,16.41393755072109,Li-ion,Superfast,83.34486643975895,28.0,,Passive,E,Performance,55.85242352658182
1005.0,34.79144799344426,Li-ion,Superfast,28.213184123060504,7.0,4.469224911835797,,B,Performance,74.881638424704
1340.0,29.34883966448731,Li-ion,Slow,82.15281219074666,15.0,3.973514559719594,Active,E,Performance,73.15664823367538
1803.0,43.84707814649057,Li-ion,Superfast,87.5199757941597,,3.3919610904378676,Passive,C,Urban,62.06001307811625
1411.0,33.21569650131213,Li-Po,,92.42413321460569,23.0,2.8047086663524934,None,C,Mixed,60.385325171988825
1969.0,33.24681768705898,Li-ion,Slow,63.495525397308796,31.0,1.64508568604561,Passive,A,Urban,62.863455899966404
934.0,44.821655621092496,Li-Po,Medium,76.27296564224767,5.0,2.5472577424884495,Active,E,Performance,81.46555163806039
1681.0,17.807633693427164,Li-ion,Medium,80.97914231688088,27.0,1.818288082121797,Active,D,Urban,71.57752332125823
237.0,23.289488553010585,Li-ion,Medium,75.09111481248854,44.0,4.703105214903761,None,A,Mixed,71.52587286040068
1548.0,34.68238316907077,Li-ion,Medium,71.7466896244475,10.0,4.582900206439975,None,,Highway,59.450126969822065
257.0,24.45708768103124,Li-ion,Fast,63.80474022223069,51.0,1.201218724866108,Passive,E,Highway,90.94303672243868
123.0,25.38450443787366,Li-ion,Fast,58.33563633564555,42.0,,None,,Performance,86.41972820744118
1949.0,41.77934819391326,Li-ion,Superfast,99.69000156518645,7.0,3.663116135400831,Passive,B,Performance,72.31190325929454
723.0,32.380617151193896,Li-Po,Superfast,47.004862433772516,56.0,4.888452742522721,Passive,C,Mixed,57.39449980060385
722.0,18.085967484124637,Li-ion,Medium,27.06150163556389,32.0,2.5848795587008038,Active,A,Urban,87.16444526755862
1467.0,24.325877571978655,Li-ion,Medium,81.2029572002902,23.0,3.749784671364724,Passive,A,Mixed,96.73990578675918
539.0,17.28175129498254,Li-Po,Slow,37.10595022955953,54.0,2.8304776405776937,Passive,A,Mixed,59.26962027644014
621.0,31.683898003414356,NiMH,Slow,62.61546876949645,47.0,0.8123022351156006,None,C,Highway,81.33834218754075
1099.0,20.19804589127969,NiMH,Slow,27.664121328045653,9.0,0.7104413738154547,None,D,Urban,72.0640577094165
923.0,40.71345450075319,Li-Po,Medium,69.54270886534326,29.0,1.049501492959036,Active,D,Highway,54.557818694477575
1610.0,32.319420793694995,Li-ion,,95.52059231225778,27.0,1.832859787335876,Active,D,Highway,87.74300448548874
1843.0,16.78126925793284,NiMH,Superfast,77.81637700855663,38.0,1.666008976153439,Active,A,Mixed,53.69965528702147
1931.0,24.026269908729567,Li-Po,Medium,37.16278225812908,21.0,,Passive,E,Highway,86.51603745038838
1925.0,33.4901300170838,Lead-Acid,Fast,97.69104362310885,43.0,3.721652307149559,None,A,Performance,64.6199505018163
564.0,25.064949545814848,Li-ion,Medium,44.566954481963855,6.0,4.871275609322174,Passive,E,Performance,
1873.0,30.395300057818673,NiMH,Fast,,26.0,1.8967587144907827,Active,B,Highway,58.3435997873363
1330.0,42.28086884048207,Li-ion,Fast,59.84936162982407,20.0,4.723034377012668,None,C,Highway,69.2866372328943
329.0,25.50107911518835,Li-ion,Medium,99.25749946987781,15.0,3.257827715694808,Passive,D,Urban,55.41265339670815
,25.07618587409364,Li-ion,Slow,25.511312057534656,45.0,2.728889199455542,None,A,Performance,74.29978829930442
988.0,39.59270523938096,Li-Po,Superfast,75.73826355484559,38.0,3.505286200159471,Passive,A,Urban,61.09111652354896
809.0,24.562695687503098,Li-ion,Medium,48.95447005541887,20.0,3.6623995321351406,Active,B,,59.77238487804041
605.0,17.338750324211766,Lead-Acid,Slow,26.266025528195147,53.0,1.2736806298665866,Passive,E,Performance,55.57192575316969
1106.0,20.428348627124848,Li-ion,Fast,94.80253261062852,15.0,3.882719765908658,Passive,D,Mixed,89.80256846712479
1367.0,43.46400752388903,Li-ion,Fast,67.18866553144522,29.0,3.7632774401013944,Active,C,Mixed,83.25503361973674
1697.0,42.99878377733164,Li-ion,Fast,80.28144060710206,6.0,4.9888952777695055,Active,E,Highway,58.15900631985265
1381.0,,Li-ion,Fast,39.230834845702375,16.0,4.603765013026139,Passive,E,Urban,74.56632816136145
340.0,31.605056192960575,Li-ion,Medium,80.92327381035389,1.0,3.5809710425793115,Passive,D,Mixed,84.36600000296983
834.0,19.121043012690087,Li-ion,Superfast,86.27803520185734,6.0,3.7056367089349376,Passive,C,Mixed,95.65957163217621
875.0,35.24032885534608,Li-ion,Fast,54.46635177715811,16.0,4.756935352255634,Active,D,Performance,53.09775203067533
1377.0,,Li-ion,Slow,65.75651781983723,,4.852302228428787,Active,D,Urban,68.84245670736718
1116.0,16.49371268764812,Li-ion,Slow,97.74980279436437,33.0,4.221343387468073,Active,A,Urban,82.0295687402017
1889.0,39.74690421626398,Li-Po,,87.73837133662072,7.0,3.953270954782224,None,C,Mixed,50.81210689870161
1629.0,24.76201148170877,Li-ion,Superfast,55.588004885453145,10.0,1.00114620514201,None,E,Highway,62.66337470937735
1874.0,18.255672106802912,Li-ion,Superfast,73.16590870046767,53.0,4.2364498616628605,Active,D,Mixed,88.7348278182215
,40.017118525866756,Li-ion,Fast,,8.0,1.6393805530510572,None,B,,68.49830139342967
1672.0,37.87192432638445,Li-Po,Medium,21.94630564625988,21.0,3.037029332086458,None,C,Performance,54.393726458402355
791.0,,Li-ion,Fast,67.06927893002162,26.0,2.324176116970259,Passive,B,Urban,82.5829568695737
1553.0,42.33746129533588,Li-ion,Fast,98.76228907301667,,2.0552328528675847,Passive,E,Performance,63.00274526139647
,29.676782606119055,Li-ion,Slow,95.7744519861065,18.0,1.8961250066017703,Passive,C,Performance,86.48601284521449
1277.0,,,Medium,86.59523158099555,4.0,4.349421862958704,None,A,Performance,96.80909333032523
691.0,16.840392296853587,Li-ion,Medium,28.497127450454826,20.0,3.961112543023299,None,,Urban,77.44867184281263
1211.0,24.55323053878976,Li-ion,Slow,99.52331620129213,48.0,2.8555193858391568,Passive,E,Urban,81.1554806761383
132.0,17.604924904122488,Li-ion,Slow,68.76305225103593,42.0,3.490162222390056,Passive,A,Highway,76.74910887225121
1997.0,31.06528321041256,Lead-Acid,Slow,,,4.930375776548041,Active,,Mixed,92.5069886868329
1760.0,15.434970534694736,Li-ion,Superfast,,48.0,2.288908111000744,None,C,Urban,62.56916115941118
697.0,28.312899045281277,Li-ion,Medium,88.5218849663745,40.0,2.9799527270430874,Passive,E,Performance,70.88027939065171
668.0,20.35380869560756,Li-ion,Slow,28.986220867810868,19.0,2.9008567065851842,Passive,C,Urban,96.54163451455503
200.0,26.048041316014746,Lead-Acid,Slow,93.31505146315396,33.0,4.7118756881828086,Passive,A,Urban,87.62959318781239
993.0,35.25102224312067,Li-Po,Slow,93.61634251351961,23.0,2.082030879248866,None,C,Mixed,66.64446431814443
1694.0,25.528913131521044,Li-ion,Fast,21.077152498505427,9.0,4.938146375979854,Passive,E,Urban,93.29687822375718
1807.0,25.240196616006457,Li-ion,Medium,92.02552973307154,38.0,1.8711392610793323,Passive,E,Performance,62.41885895166399
909.0,44.72252198518506,Li-ion,Medium,95.7454334592125,45.0,0.9900816589581445,Passive,E,Mixed,82.97732634000758
368.0,36.56444168178859,Li-ion,Superfast,23.015343758427615,45.0,1.3611809535892523,Passive,B,Highway,99.73576178502753
1918.0,30.41585135550154,Li-ion,Fast,43.53330588064406,18.0,2.4179960383889814,Passive,B,Performance,79.88497095624082
1320.0,32.38126952992738,Li-Po,Medium,,,3.423901774249613,Active,B,Performance,91.57228465973317
1110.0,33.60547894556433,Li-ion,Superfast,47.91123776531121,2.0,2.825713490108088,Passive,,Urban,88.24239871921426
1341.0,15.737261968225258,Li-ion,Superfast,80.72025898161513,48.0,2.1932517945850005,Active,C,Highway,95.01749360683343
1659.0,17.407937715757427,NiMH,Slow,48.64835673790936,17.0,3.0291496956804904,,B,Mixed,100.37573732870882
164.0,34.47568054069956,Li-ion,Superfast,96.52630479157938,54.0,4.274628243416007,None,E,Highway,51.160460966887314
1154.0,25.93406576544941,Li-Po,Superfast,99.59941002437904,16.0,4.275189624373159,None,E,Urban,51.44922811153485
754.0,16.66332120695775,Li-ion,,45.34550965649973,,3.768025496820038,None,B,Highway,80.90995954471089
775.0,23.925397381548784,NiMH,Slow,60.70406025652055,45.0,4.786018062095041,None,B,Performance,99.62075823136607
1600.0,,Li-Po,Slow,64.6164672240006,48.0,3.1559210034702714,Passive,E,,75.25551977760996
1409.0,42.489415266789635,Li-Po,Slow,66.35222639736494,24.0,0.5344593694434006,Passive,B,Highway,93.66853732503671
1157.0,21.087761776593453,Li-ion,Superfast,49.93671953562397,31.0,1.8091833476547095,None,D,Highway,89.93120316218764
936.0,19.310735921821575,Li-ion,Slow,33.27948015670637,1.0,1.9770021702054532,Passive,D,Performance,75.909118247263
827.0,33.785064512658494,NiMH,Medium,24.364843338490214,28.0,2.9629673478651553,Active,D,,76.68496103895541
859.0,30.65735790830498,Li-ion,Fast,28.507893251986573,49.0,4.572002621243669,Active,A,Performance,72.6737374550691
203.0,32.277973621073755,Li-Po,Fast,92.1032990075073,33.0,4.271517335943924,,D,Highway,63.11433370148798
1890.0,28.078444441209456,Li-ion,Superfast,42.430000529640566,42.0,1.5447784338873856,None,E,Mixed,94.65303795941887
302.0,29.015079327963885,Li-ion,Slow,26.145838656883562,37.0,2.8372560617483114,None,A,Mixed,60.897647162263794
551.0,38.363926675413886,Li-ion,Fast,69.88237596354823,39.0,3.4661688594303275,Active,E,Urban,97.15986860091311
,21.597665544770024,Li-ion,Superfast,26.024572100902823,4.0,,Passive,E,Performance,68.70583569964221
497.0,26.89587908493702,Lead-Acid,Superfast,25.604235173521943,1.0,0.6408626871213859,Active,B,Mixed,51.377859937174804
1346.0,43.734761547838474,Li-Po,Fast,69.72564046969772,33.0,2.587447925466438,Passive,C,Performance,58.75565742567287
979.0,20.699571035581357,Li-ion,Slow,67.31161953588244,10.0,4.9464889430347405,None,D,Mixed,96.16688774541564
1946.0,23.81320785125601,Li-Po,Slow,23.31818295599681,3.0,4.897426086626427,Active,C,Urban,56.67911619360667
874.0,20.747007728579717,Li-ion,Medium,56.838226754955905,37.0,1.9882693291893312,Passive,C,Performance,88.41623087535777
903.0,15.61486489074407,Li-Po,Medium,54.861464632482765,45.0,0.5000753131607063,None,B,Mixed,
556.0,23.09489775125011,Li-Po,Slow,63.7351303762044,21.0,3.1403056322855036,Passive,C,Performance,75.94451061106386
181.0,16.394023378867175,Li-ion,Medium,79.027576834943,57.0,4.401224828568008,None,D,Urban,60.67076455737447
1784.0,19.640553792199,Li-ion,Medium,,9.0,1.9593375088005014,Passive,A,Urban,67.3246027639554
1398.0,25.88046210202844,Li-ion,Fast,54.62242268670482,57.0,4.704214841751965,Active,E,Mixed,
400.0,15.621636512068747,Lead-Acid,Slow,83.41941474887719,40.0,1.9971609670006836,Passive,D,Highway,78.91211835836091
1156.0,,Li-ion,Fast,93.8045112368455,43.0,3.245905939876561,Active,B,Urban,69.02291092267939
867.0,38.8676704130864,Li-Po,Fast,91.30583784399025,57.0,3.7492073293173576,Active,A,Highway,69.0051784455302
175.0,27.342414072550888,Li-Po,Superfast,58.21047616752334,24.0,2.054370940229128,Active,B,Urban,52.00585657096006
1287.0,44.53997938122808,Li-ion,Slow,61.66926376016815,46.0,2.08492885408676,None,D,Mixed,57.078676235224464
884.0,35.369817444230975,Li-Po,Fast,,8.0,2.614976733576983,Active,E,Highway,86.79158525253015
1800.0,37.311652439422474,Li-ion,Medium,,24.0,4.258505426470587,Active,C,Performance,65.20065454172014
1823.0,,Li-ion,Superfast,87.19516055504006,,0.9538284540300279,Active,C,Urban,72.98759584636329
1673.0,40.123128684651405,Li-Po,Medium,44.922602283627604,53.0,3.341657234294562,None,B,Mixed,89.67952879019421
945.0,43.351391940645186,Li-ion,Superfast,33.027975153762824,10.0,3.54806568189167,,A,Performance,73.12738680893831
1004.0,22.089304997213752,Li-ion,Medium,,35.0,3.0104274199511147,None,E,Highway,61.73166963545357
511.0,35.593928831591406,Li-ion,,43.072510659952094,4.0,4.711272743190301,None,B,Mixed,78.59086064292632
674.0,37.40823145989994,Li-ion,Medium,96.06245798519276,57.0,3.2089582262054606,,E,Performance,91.6627123147091
154.0,24.15507515428647,NiMH,Fast,,55.0,3.355595379846669,Passive,,Mixed,81.18137794402844
1444.0,29.250270077168892,Lead-Acid,Slow,34.49653453815485,44.0,3.1989201256167807,Active,A,Highway,71.84942494489344
112.0,17.92617280742172,Li-ion,Superfast,91.95832500473725,9.0,3.7490844871767517,Active,D,Performance,56.53247490578107
1012.0,20.19284411878524,Li-ion,Fast,26.91828834848568,11.0,1.1093423704425254,Passive,C,Urban,62.93308509121656
800.0,16.847115709415842,Li-Po,Superfast,40.821284114116814,43.0,4.524243455859382,Passive,E,Urban,99.19818164413968
1542.0,31.80496471635881,Li-ion,Fast,55.128895520047074,48.0,0.6912154531357396,None,E,Mixed,90.13401846917264
75.0,33.75788691831808,,Superfast,67.60859025277456,13.0,,None,A,Urban,54.553738156822774
1713.0,42.48358750301199,Li-Po,Superfast,46.21383170986451,27.0,,None,E,Highway,50.28675950725549
50.0,31.265544318708045,Li-Po,Medium,59.6987197536804,30.0,1.4365450734199405,Passive,D,Highway,59.12180574451736
143.0,22.818341124243,Li-ion,Superfast,35.906494914448515,46.0,0.6831993815786146,Active,D,Performance,99.08231839083692
932.0,16.784206397733563,Li-Po,Superfast,65.94192961803884,39.0,1.124759286716491,None,A,Performance,80.162023721188
501.0,41.548591582525106,Li-ion,,52.62534466237276,12.0,1.7225242472804971,None,B,Performance,93.61030722095579
,29.365742355841604,Li-ion,Fast,87.94077498147603,56.0,4.469475607515697,Passive,B,Mixed,74.19170067587945
1085.0,37.11965968326963,Li-ion,Fast,53.258730671092195,19.0,4.350804818809956,None,E,Mixed,92.98507994010393
1751.0,15.439480457867669,Li-ion,Slow,55.50523343056402,40.0,0.7873500841972327,Passive,E,Highway,51.76365372342208
347.0,29.64416767993253,Li-ion,Slow,67.373999147393,4.0,1.801706036138082,Active,A,Highway,72.19461124470871
1493.0,24.771678694994957,Li-Po,Slow,29.853600326155316,54.0,4.501923094620742,None,D,,69.6349131517184
1857.0,15.909938178414805,NiMH,Slow,32.543614136502484,49.0,,None,A,Performance,101.04041309828474
1652.0,38.270184212173746,Li-ion,Superfast,83.21901977817923,34.0,4.981843867193991,None,B,Mixed,65.62473808082308
1240.0,30.387049586808395,NiMH,Superfast,41.87350233116376,23.0,1.6557808810428796,Passive,D,,71.67967612020348
303.0,24.995407289733926,Li-ion,Slow,74.77575431427648,54.0,3.8260096550194986,Passive,E,Highway,89.45764412655875
1940.0,39.17395451722198,Li-ion,,27.79415759817617,45.0,2.376766281071271,Active,B,Performance,95.7970811711603
1838.0,28.407703555504995,Li-ion,Slow,85.74773282544105,26.0,1.1131004842003605,Passive,C,Mixed,95.6761850610709
1831.0,15.104938691049039,Li-ion,Fast,99.05824887351658,53.0,1.6481957599796173,None,B,,70.51456527438489
,43.333428961149764,Li-ion,Superfast,,7.0,3.5380313402965315,None,D,Highway,99.32485755956604
1367.0,22.670482213871566,NiMH,Medium,60.442408153191735,18.0,2.016753809164025,Passive,D,Highway,83.9824615657624
1217.0,39.917265661900245,Li-ion,Fast,55.41695838718418,42.0,3.2185769927021526,Active,A,Mixed,94.25904850749164
258.0,39.49246152243819,Li-ion,Medium,91.53501989112188,4.0,1.4248896924603183,Passive,D,Mixed,98.16641582860186
1299.0,19.87121794082194,Li-Po,Medium,20.79472301575037,53.0,2.5186143748226035,Passive,C,Highway,
1531.0,29.220080436443297,Li-ion,Slow,72.27674569310689,,2.805106011279015,None,C,Mixed,75.95832123256076
956.0,16.20596935495479,Li-ion,Fast,72.18946182428263,22.0,2.3575305349144595,None,,Performance,
333.0,25.63655018665386,Li-ion,Slow,50.59080066383625,54.0,1.3906311410776722,None,E,Performance,91.72676003850722
1676.0,36.9293653010886,Li-ion,Fast,37.54669136936116,53.0,2.5769908607303194,Passive,D,Performance,70.86061624753181
1559.0,22.11208410331073,Li-Po,Superfast,39.174614513202854,26.0,3.6180525224256366,Passive,E,Urban,
1184.0,18.5138379222693,Li-ion,Fast,84.03712969711128,13.0,4.842075482716375,Active,D,Mixed,88.64819574726474
1825.0,30.213706528050267,Li-ion,Superfast,25.288247709996725,46.0,4.052847292150773,None,B,Performance,80.80139325197398
399.0,31.109591531208963,Li-ion,Superfast,65.10593170194872,53.0,1.2266171668357089,Active,D,Highway,96.7115452105518
1406.0,35.274867939634746,Li-ion,Slow,44.54724823826125,17.0,1.7271583241159303,None,B,Performance,84.06155899045197
1153.0,37.77413240407772,Li-ion,Superfast,41.219824997465636,44.0,0.854707529540075,Active,,Performance,50.87500403697018
1459.0,35.87428593793965,Li-ion,Slow,60.459013242482875,36.0,1.1104228591703507,None,D,Mixed,
,40.36236624884552,Li-ion,Medium,91.82892050238137,41.0,1.628073341908014,Passive,E,Highway,80.8417560679301
1789.0,21.687193928461195,Li-ion,Medium,69.44735352298648,47.0,1.39787314834199,None,C,Urban,80.98561778780928
1823.0,32.09300238649489,Li-ion,Medium,83.08885022042588,15.0,1.461421628449865,Active,A,Highway,97.28159252274122
1401.0,25.802860722639757,NiMH,Fast,,18.0,,Active,E,Performance,84.51805938377763
1367.0,43.86337071004927,Lead-Acid,Superfast,75.81726238981926,27.0,1.8530541310262514,None,B,Urban,74.92470152582234
1567.0,28.208385702444716,Li-ion,Slow,54.59261190346365,6.0,1.0651373088204141,Passive,A,Urban,55.57883738746374
233.0,43.7914179940067,Li-ion,Medium,94.0785308166547,34.0,1.7502574271823272,None,D,Urban,100.03433662825182
261.0,38.07196962177318,Li-ion,Slow,60.15512163513287,41.0,3.5978532227692543,Passive,B,Urban,54.08134364976225
1324.0,36.553915862060975,Li-ion,Medium,64.14197353814104,5.0,1.56380449921456,None,A,Urban,58.85558883083141
1812.0,29.74691135765481,Li-ion,Superfast,61.99724026038797,57.0,1.2732729244370935,Passive,A,Mixed,92.61591684956088
216.0,28.301344027668065,Li-ion,,45.29512161319347,12.0,0.8046304798300734,None,E,Performance,75.50107707611312
1616.0,30.79644562555221,Li-Po,Slow,38.49907484793485,29.0,2.7498716878866727,None,D,Urban,59.26996113137075
1921.0,23.808991887808595,Li-ion,Medium,25.906797129244403,58.0,4.288922275425243,Passive,D,Performance,64.88041940475229
1736.0,42.135298195154,Lead-Acid,Slow,77.45399856020389,37.0,0.7655748991868379,Passive,D,Mixed,101.68874849014236
1235.0,38.82991965796099,Li-ion,Medium,43.14202105362966,12.0,2.940467122571671,None,,Mixed,80.36904696723897
1681.0,39.04187562975132,Li-ion,Slow,51.13583705564857,25.0,3.427785119401242,Active,E,Mixed,70.88389878465618
1346.0,27.994607863483083,NiMH,Medium,,47.0,3.1660774555047975,Passive,D,Highway,95.56330777776631
924.0,17.132668447326513,Li-ion,Superfast,65.3157879529499,34.0,4.4493044160463295,Active,A,Highway,74.94423583993682
1609.0,,NiMH,,27.76624511231506,11.0,4.398780110938535,Active,D,Urban,66.01264397142523
1492.0,26.232407519142352,Li-ion,Fast,83.96895302590798,23.0,0.7578841663780669,Active,,,58.53956402935317
1703.0,41.11290937352476,Lead-Acid,Slow,40.49044792875644,24.0,2.124247861506591,Active,D,Highway,88.71239917339308
456.0,38.410153153495905,Lead-Acid,Medium,64.2164674116946,51.0,3.518734237239887,None,E,Mixed,81.00360083554742
1465.0,19.359844259692682,Li-ion,Fast,60.79851798911925,49.0,4.78600094971639,Passive,D,Highway,
487.0,33.05147191615543,Li-Po,Slow,39.04630738815045,18.0,4.121081584038734,None,A,Mixed,80.76527599301478
1160.0,35.76641777781553,Li-ion,Medium,29.261682783566485,10.0,1.294651897402187,None,A,Highway,58.291444419416166
454.0,32.04412739473084,Li-ion,Medium,36.90092851959744,5.0,1.7564397698628476,None,E,Performance,101.04942854887275
,30.42126528465784,Li-ion,,27.78702396511725,31.0,3.936172386306823,None,E,Urban,63.50487334404374
1488.0,21.83589225017824,Li-ion,Medium,42.0502415161681,25.0,2.6216368127270404,None,B,Urban,86.19284134654907
611.0,22.07720533263553,Li-ion,Slow,99.78380085899717,53.0,2.9628609890996933,Passive,C,Performance,84.1143436281011
1400.0,38.04024415927664,Li-ion,Fast,52.1673812193106,,3.2404091907906816,None,,Urban,85.95027579546436
161.0,15.560693566906714,Li-Po,Medium,89.11107130680082,28.0,,None,E,Mixed,72.35973549988714
841.0,38.36730188116729,Li-ion,Fast,63.934215370324914,1.0,4.351829150449644,None,E,,53.86525353072388
351.0,30.803962096174175,Lead-Acid,Slow,73.32664634669864,45.0,4.384104977195273,Active,D,Urban,100.96038363281508
185.0,43.086679571545076,Li-ion,Slow,32.507837580044495,2.0,2.607077498577653,None,B,Highway,59.959343394372105
382.0,44.919646431687696,Li-ion,Medium,41.98446939375803,49.0,3.320803483252984,Passive,C,Highway,90.02545508568943
1076.0,34.904536953268845,Li-Po,Superfast,60.835473842314045,47.0,3.4695685401147056,Passive,B,Performance,57.15382201207141
1235.0,27.36771583260411,Li-Po,Medium,90.49147473814725,40.0,1.3537516312844786,Passive,A,Highway,
,29.252577256820835,Li-Po,,23.431042870795213,,1.0066317280982573,Active,A,Performance,79.11410573187553
126.0,21.126462829545233,Li-ion,Medium,60.55359676525767,27.0,0.5930282588168763,Passive,B,Urban,71.50040683731407
234.0,17.97702971974443,Li-ion,Fast,24.080977000674395,8.0,4.607968220499205,Active,B,Highway,99.82985833274918
1959.0,32.362901799064055,Li-ion,Superfast,56.545814115942605,27.0,2.055709800251111,Passive,E,Highway,94.07963012199932
619.0,39.164852938998024,Li-ion,Superfast,70.30945274661094,37.0,0.8862392075495136,Active,D,Urban,97.9330980709768
1553.0,22.852995531876395,Li-ion,Fast,79.57785531426458,17.0,2.5960999032408716,Passive,A,Highway,83.31622131510723
,27.589584307360496,Li-ion,Medium,31.082560420850136,4.0,0.8403130100577882,None,,Mixed,61.38361680996646
1094.0,31.643209853309422,Li-ion,Slow,33.32602267690785,44.0,0.8836283876312971,Passive,D,Highway,76.96197026123372
1650.0,42.236934599101716,Li-Po,Slow,57.60519373534325,50.0,2.699984055670363,Passive,B,Mixed,89.80773660331029
1651.0,19.15893682986168,Li-Po,Medium,,38.0,,Passive,A,Performance,53.365347473537554
1002.0,22.10649506188988,Li-ion,Fast,48.483746852541074,31.0,3.1106438839755977,None,B,Highway,94.8820876064375
1371.0,42.555913553573546,Li-ion,Slow,54.202194189032824,5.0,3.4534016600387076,Active,A,Highway,82.83024767220601
,16.186067794640753,Li-ion,Fast,54.595739425164126,25.0,,Active,C,,87.62571632528605
1355.0,34.68346902179576,Li-ion,Medium,26.456065708567635,28.0,2.4484850939818292,None,D,Urban,
521.0,,Li-Po,Fast,81.93377162319962,19.0,3.3958987634181934,None,C,Performance,94.0836440530771
459.0,,Li-ion,Fast,40.248121954088596,37.0,1.8713289029653215,Active,C,Performance,54.551089339588245
